region,year,relative_mean_coverage_percent,absolute_mean_coverage_percent,relative_mean_ice_area_km2,absolute_mean_ice_area_km2
Foxe Basin,1979,69.47742256859358,83.08440123729562,148073.75684931508,177073.6301369863
Foxe Basin,1980,65.96363315866225,79.00741951508742,140584.99316939892,168384.56284153005
Foxe Basin,1981,60.898281444582814,73.29048326838871,129789.46232876713,156200.34246575343
Foxe Basin,1982,66.77188285863495,79.38215562607962,142307.57534246575,169183.2191780822
Foxe Basin,1983,76.14569236331498,90.79098541758728,162285.50684931508,193498.2876712329
Foxe Basin,1984,68.05048795730974,80.47850263609122,145032.6024590164,171519.8087431694
Foxe Basin,1985,63.49194391997751,75.65259309846141,135317.20547945207,161234.5890410959
Foxe Basin,1986,69.70420760856466,83.60181577150203,148557.09246575343,178176.3698630137
Foxe Basin,1988,65.34854001982505,77.32000064099482,139274.07591725214,164788.2513661202
Foxe Basin,1989,69.98911501225244,82.78632547302455,149164.301369863,176438.35616438356
Foxe Basin,1990,74.0979134696501,86.4853573293697,157921.1780821918,184321.91780821918
Foxe Basin,1991,68.6918346523119,81.22283372835737,146399.47260273973,173106.16438356164
Foxe Basin,1992,69.82216880598689,83.65703571943656,148808.49726775955,178294.05737704918
Foxe Basin,1993,67.71337484433374,79.14674808179007,144314.1301369863,168681.50684931508
Foxe Basin,1994,62.66595749809183,74.488410396497,133556.8219178082,158753.42465753425
Foxe Basin,1995,62.9121343349536,75.3119350821516,134081.48630136985,160508.56164383562
Foxe Basin,1996,63.87419515087416,76.9458199125042,136131.87841530054,163990.7786885246
Foxe Basin,1997,63.55625758245289,76.0671674768007,135454.27397260274,162118.15068493152
Foxe Basin,1998,59.271171815369776,71.74788093038204,126321.68493150685,152912.67123287672
Foxe Basin,1999,64.32292451693246,77.66761740248262,137088.23287671234,165529.1095890411
Foxe Basin,2000,63.75050237969329,75.70228995400862,135868.25819672132,161340.50546448087
Foxe Basin,2001,62.78423653235849,74.70373197284377,133808.90410958903,159212.32876712328
Foxe Basin,2002,60.89054754348612,73.04222070461576,129772.97945205479,155671.23287671234
Foxe Basin,2003,57.12631181456634,70.25187803800266,121750.45205479451,149724.31506849316
Foxe Basin,2004,64.99549701136164,77.71341121420444,138521.65300546447,165626.70765027322
Foxe Basin,2005,58.32859036676978,71.0786164785281,124312.80821917808,151486.301369863
Foxe Basin,2006,52.63126501426104,64.51773590969349,112170.38356164383,137503.42465753425
Foxe Basin,2007,60.55171815369782,74.03366408227213,129050.8493150685,157784.24657534246
Foxe Basin,2008,65.0438408409852,76.32806115090621,138624.68579234972,162674.18032786885
Foxe Basin,2009,61.50340095609207,73.59739685855462,131079.12328767125,156854.45205479453
Foxe Basin,2010,52.966025790382844,65.04961234081871,112883.84246575342,138636.98630136985
Foxe Basin,2011,56.671822600731126,70.54272285381433,120781.82191780822,150344.1780821918
Foxe Basin,2012,59.54147396759772,70.80589074243225,126897.76639344262,150905.05464480876
Foxe Basin,2013,62.829245169324714,74.51813762905235,133904.82876712328,158816.7808219178
Foxe Basin,2014,63.76370867312096,75.23962559755755,135896.40410958903,160354.45205479453
Foxe Basin,2015,66.2096075201864,78.94187120877355,141109.22602739726,168244.86301369863
Foxe Basin,2016,59.06362194125282,71.59191064532155,125879.34426229508,152580.25956284153
Foxe Basin,2017,59.16475796408629,71.61933073554815,126094.8904109589,152638.698630137
Foxe Basin,2018,64.52533643996304,76.6448399148355,137519.62328767125,163349.31506849316
Foxe Basin,2019,54.20619129875868,64.78206724782066,115526.94520547945,138066.7808219178
Foxe Basin,2020,58.81422688011794,70.52625675047673,125347.82103825136,150309.08469945355
Foxe Basin,2021,58.1918033182019,70.63431486763346,124021.28082191781,150539.38356164383
Foxe Basin,2022,59.06934158197083,71.0778130398104,125891.53424657535,151484.5890410959
Foxe Basin,2023,55.252380990639935,66.69264451853935,117756.63698630137,142138.698630137
Foxe Basin,2024,53.612018652949374,65.2933352563178,114260.61475409837,139156.42076502732
Foxe Basin,2025,50.79998553810308,62.5280199252802,108267.46917808219,133262.84246575343
Gulf of Boothia,1979,91.29915469428666,99.20815235549615,93581.63356164383,101688.35616438356
Gulf of Boothia,1980,86.88938091430096,97.11781953885112,89061.61543715847,99545.7650273224
Gulf of Boothia,1981,80.88588706982961,92.13164049448714,82908.03424657535,94434.93150684932
Gulf of Boothia,1982,86.87484797861677,97.51419979953225,89046.71917808219,99952.05479452055
Gulf of Boothia,1983,85.23517875041765,95.93050451052456,87366.05821917808,98328.76712328767
Gulf of Boothia,1984,80.74555511128881,92.58296681327468,82764.19398907103,94897.54098360655
Gulf of Boothia,1985,74.57555629802873,85.41597059806215,76439.94520547945,87551.3698630137
Gulf of Boothia,1986,85.250387570999,95.2990310725025,87381.64726027397,97681.50684931508
Gulf of Boothia,1988,79.84564269530283,90.32053845128614,81841.7837626854,92578.5519125683
Gulf of Boothia,1989,80.85035750083529,90.36418309388573,82871.61643835617,92623.28767123287
Gulf of Boothia,1990,86.1488138990979,95.09689274974941,88302.53424657535,97474.31506849315
Gulf of Boothia,1991,80.55284998329435,93.0370865352489,82566.67123287672,95363.01369863014
Gulf of Boothia,1992,87.1806544049047,97.51432760229243,89360.17076502732,99952.18579234973
Gulf of Boothia,1993,81.35560975609756,94.09455395923821,83389.5,96446.91780821918
Gulf of Boothia,1994,80.67536919478783,91.0374206481791,82692.25342465754,93313.35616438356
Gulf of Boothia,1995,81.24064817908453,93.68860674908119,83271.66438356164,96030.82191780822
Gulf of Boothia,1996,76.542856190857,89.02272424363588,78456.42759562841,91248.29234972678
Gulf of Boothia,1997,79.67722018042099,91.97794854660874,81669.1506849315,94277.39726027397
Gulf of Boothia,1998,71.31724022719679,83.2425659873037,73100.17123287672,85323.6301369863
Gulf of Boothia,1999,76.7261075843635,88.03708653524892,78644.2602739726,90238.01369863014
Gulf of Boothia,2000,77.22669598827136,88.52459016393442,79157.36338797814,90737.70491803279
Gulf of Boothia,2001,75.09610424323421,86.8376211159372,76973.50684931508,89008.56164383562
Gulf of Boothia,2002,78.71345138656866,92.79318409622452,80681.28767123287,95113.01369863014
Gulf of Boothia,2003,82.22996992983629,98.47477447377213,84285.71917808219,100936.64383561644
Gulf of Boothia,2004,83.81177528988405,95.67839530854326,85907.06967213115,98070.35519125684
Gulf of Boothia,2005,79.21838957567658,92.28199131306381,81198.8493150685,94589.04109589041
Gulf of Boothia,2006,70.4319746074173,81.56698964249917,72192.77397260274,83606.16438356164
Gulf of Boothia,2007,71.02187103240895,81.77246909455395,72797.41780821918,83816.78082191781
Gulf of Boothia,2008,73.82018525922965,84.50786352125816,75665.68989071039,86620.56010928961
Gulf of Boothia,2009,76.84082860006683,88.86568660207149,78761.8493150685,91087.32876712328
Gulf of Boothia,2010,75.38032743067157,88.92081523554961,77264.83561643836,91143.83561643836
Gulf of Boothia,2011,70.51277647844971,82.07317073170732,72275.59589041096,84125.0
Gulf of Boothia,2012,73.81072904171664,85.21757963481275,75655.99726775957,87348.01912568306
Gulf of Boothia,2013,78.26354827931841,89.26662211827598,80220.13698630137,91498.28767123287
Gulf of Boothia,2014,79.25836952890077,92.04143000334112,81239.82876712328,94342.46575342465
Gulf of Boothia,2015,75.94207150016706,87.22853324423656,77840.62328767123,89409.24657534246
Gulf of Boothia,2016,71.23578568572572,81.74896707983474,73016.68032786885,83792.6912568306
Gulf of Boothia,2017,74.14804543935851,85.13531573671901,76001.74657534246,87263.69863013699
Gulf of Boothia,2018,78.71213498162379,89.56398262612764,80679.93835616438,91803.08219178082
Gulf of Boothia,2019,70.34521884396926,80.64316739057801,72103.8493150685,82659.24657534246
Gulf of Boothia,2020,69.94744768759163,79.65147274423565,71696.13387978142,81642.75956284153
Gulf of Boothia,2021,71.71048446374874,82.98028733711995,73503.24657534246,85054.79452054795
Gulf of Boothia,2022,72.1645238890745,82.27530905446041,73968.63698630137,84332.19178082192
Gulf of Boothia,2023,68.47611760775142,79.80788506515202,70188.02054794521,81803.08219178082
Gulf of Boothia,2024,67.3723843795815,77.09083033453285,69056.69398907103,79018.10109289618
Gulf of Boothia,2025,64.31104744403609,73.77297026394922,65918.82363013699,75617.29452054795
Hudson Bay,1979,51.73115244950081,62.067517993963314,476896.5616438356,572184.9315068494
Hudson Bay,1980,52.74682745207002,62.413262943410196,486259.8155737705,575372.2677595628
Hudson Bay,1981,51.91957278848386,61.364662177850015,478633.5616438356,565705.4794520548
Hudson Bay,1982,54.787702623635944,64.40863710239145,505074.13356164383,593767.1232876712
Hudson Bay,1983,54.93340924077084,64.60032505224054,506417.36643835617,595534.2465753425
Hudson Bay,1984,53.54360729832361,63.526905621932016,493605.12978142075,585638.6612021858
Hudson Bay,1985,55.727870350592056,64.63895983283028,513741.30479452055,595890.4109589041
Hudson Bay,1986,58.095410448107735,67.60529370791734,535567.0650684931,623236.301369863
Hudson Bay,1988,51.21606911972903,60.10243586181346,472148.137197502,554069.3306010929
Hudson Bay,1989,55.07451274669143,63.475087067564424,507718.16438356164,585160.9589041095
Hudson Bay,1990,51.34432393777571,61.69714418388669,473330.48630136985,568770.5479452055
Hudson Bay,1991,53.09022595774321,61.738750870675645,489425.5205479452,569154.1095890411
Hudson Bay,1992,58.69769306288784,68.59683245345929,541119.3579234972,632377.0491803279
Hudson Bay,1993,54.2337775713954,63.618667285813785,499967.6369863014,586484.5890410959
Hudson Bay,1994,52.37674780589738,60.93485024378918,482848.1438356164,561743.1506849315
Hudson Bay,1995,51.61285423728813,60.41272347341537,475806.0,556929.794520548
Hudson Bay,1996,51.32636473094379,60.526627766972304,473164.924863388,557979.849726776
Hudson Bay,1997,51.59606445321569,60.64880427211516,475651.2191780822,559106.1643835617
Hudson Bay,1998,43.05685739493847,51.94074762015324,396930.40410958906,478828.76712328766
Hudson Bay,1999,43.07478839099141,52.53085674483398,397095.70547945204,484268.83561643836
Hudson Bay,2000,50.06850347318699,60.11299435028248,461569.01639344264,554166.6666666666
Hudson Bay,2001,44.924289575110286,53.71274669143255,414145.79452054796,495164.38356164383
Hudson Bay,2002,52.084449686556766,61.322684002786154,480153.5205479452,565318.493150685
Hudson Bay,2003,48.52074929185048,57.50378453680055,447300.65753424657,530113.0136986302
Hudson Bay,2004,53.93766935259794,63.32203389830508,497237.8893442623,583750.0
Hudson Bay,2005,46.89258082191781,56.569305781286275,432290.9794520548,521498.2876712329
Hudson Bay,2006,45.71784871140005,54.77557464592523,421461.41780821915,504962.3287671233
Hudson Bay,2007,48.76070917111679,58.29282563269096,449512.7876712329,537386.9863013698
Hudson Bay,2008,49.53587700287117,57.45188478281003,456658.8661202186,529634.5628415301
Hudson Bay,2009,50.78563529138612,58.538379382400734,468180.0753424658,539650.6849315069
Hudson Bay,2010,42.309744694683076,51.86292082656141,390042.9589041096,478111.30136986304
Hudson Bay,2011,46.239051961922456,55.269654051543995,426266.2602739726,509517.12328767125
Hudson Bay,2012,48.613698619987034,57.12420116699082,448157.53415300546,526613.7295081967
Hudson Bay,2013,51.17252249825865,58.494915254237284,471746.69178082194,539250.0
Hudson Bay,2014,50.451500162526116,58.97543533782214,465099.76712328766,543679.794520548
Hudson Bay,2015,48.859204829347576,57.9116786626422,450420.79452054796,533873.2876712328
Hudson Bay,2016,47.57952468278225,55.284430860424195,438623.7431693989,509653.34699453553
Hudson Bay,2017,47.459000882284656,57.12170884606454,437512.66438356164,526590.7534246575
Hudson Bay,2018,53.06642916182958,61.17780357557464,489206.1438356164,563982.8767123288
Hudson Bay,2019,51.0705021592756,58.927884838634775,470806.19178082194,543241.4383561644
Hudson Bay,2020,50.474727424284524,59.47763267574326,465313.89344262297,548309.4262295082
Hudson Bay,2021,45.31488349198978,54.27666589273275,417746.58219178085,500363.01369863015
Hudson Bay,2022,47.555222289296495,56.786812166241,438399.70547945204,523503.4246575342
Hudson Bay,2023,45.16203612723473,52.8304620385419,416337.5205479452,487030.8219178082
Hudson Bay,2024,42.20301787533574,50.228026303602846,389059.0710382514,463039.6174863388
Hudson Bay,2025,43.15528172742048,51.91873693986533,397837.7534246575,478625.8561643836
Hudson Bay Area,1979,57.008715086478226,68.11714277149966,814155.7123287672,972797.9452054794
Hudson Bay Area,1980,56.30956296110294,67.14424077196254,804170.9460382514,958903.6885245901
Hudson Bay Area,1981,54.29392404304428,65.08294115883817,775385.1027397261,929465.7534246575
Hudson Bay Area,1982,58.38804424327808,69.12190881568299,833854.256849315,987147.2602739726
Hudson Bay Area,1983,60.498804472288,71.49497916729115,863998.551369863,1021037.6712328767
Hudson Bay Area,1984,58.046656622544276,68.86202484724565,828978.8148907104,983435.7923497268
Hudson Bay Area,1985,57.568048199994,67.4634453403675,822143.6883561644,963462.3287671233
Hudson Bay Area,1986,60.81044189322862,71.80528161625851,868449.1232876712,1025469.1780821917
Hudson Bay Area,1988,55.10501813237402,64.95834593119093,786968.5402029664,927686.3778298204
Hudson Bay Area,1989,58.33067593897065,68.08405023830221,833034.9657534247,972325.3424657534
Hudson Bay Area,1990,57.36304739066575,68.37313030184947,819216.0205479452,976453.7671232877
Hudson Bay Area,1991,56.99875903000509,66.95027127484188,814013.5273972603,956133.5616438356
Hudson Bay Area,1992,61.962497638435515,72.95691788929942,884901.9193989071,1041915.9836065574
Hudson Bay Area,1993,57.91007703606007,68.1507149066275,827028.2876712328,973277.3972602739
Hudson Bay Area,1994,55.496812205869126,65.1818590569827,792563.8493150685,930878.4246575342
Hudson Bay Area,1995,54.444871077006084,64.61341086897875,777540.8150684931,922760.2739726028
Hudson Bay Area,1996,54.38571343162225,65.03198574691203,776695.9699453552,928738.0464480874
Hudson Bay Area,1997,54.614857348400825,64.8601660621684,779968.4315068494,926284.2465753425
Hudson Bay Area,1998,47.143704325409914,57.117592398309405,673271.0273972603,815710.6164383561
Hudson Bay Area,1999,48.21801600671443,59.02329066874495,688613.5410958905,842926.3698630137
Hudson Bay Area,2000,53.09036505601989,64.00927885592664,758196.7759562841,914132.5136612022
Hudson Bay Area,2001,49.14171349779682,59.2466652678277,701805.095890411,846116.4383561644
Hudson Bay Area,2002,54.17134018764425,64.66005215670992,773634.4520547945,923426.3698630137
Hudson Bay Area,2003,50.742121639039595,61.45295404814005,724660.9246575342,877625.0
Hudson Bay Area,2004,56.01303774916,66.69380971170978,799936.1953551912,952470.9699453552
Hudson Bay Area,2005,50.00324786427266,60.9250322232547,714108.8835616439,870085.6164383561
Hudson Bay Area,2006,47.119371721471175,57.21267348101077,672923.5273972603,817068.493150685
Hudson Bay Area,2007,51.015110098618145,61.92775995923384,728559.5410958905,884405.8219178083
Hudson Bay Area,2008,52.9691449342947,61.99901950233765,756465.6010928962,885423.4972677595
Hudson Bay Area,2009,53.06519684661731,62.507119091154344,757837.3424657534,892679.794520548
Hudson Bay Area,2010,45.17646737208117,55.57507268966757,645176.4246575342,793681.506849315
Hudson Bay Area,2011,46.98708599862114,57.75630226911663,671034.3219178083,824832.1917808219
Hudson Bay Area,2012,50.65585153830517,60.61496335091055,723428.8797814208,865657.4453551912
Hudson Bay Area,2013,53.7125126944636,62.66095141032943,767081.8219178083,894876.7123287672
Hudson Bay Area,2014,53.683412847336704,63.36416774077516,766666.2397260274,904919.5205479452
Hudson Bay Area,2015,52.84798081592279,63.28167620874674,754735.2260273972,903741.4383561644
Hudson Bay Area,2016,50.35139123052456,59.62669345099306,719080.8060109289,851543.7158469945
Hudson Bay Area,2017,50.225545277419734,60.76280687029766,717283.5684931506,867768.8356164383
Hudson Bay Area,2018,55.32973615898804,65.17010880968796,790177.794520548,930710.6164383561
Hudson Bay Area,2019,51.0772981625251,60.110788045921886,729447.6643835617,858457.1917808219
Hudson Bay Area,2020,51.1977022874293,61.43941839748418,731167.1857923497,877431.6939890711
Hudson Bay Area,2021,47.63192374329307,57.83040076736309,680243.4109589041,825890.4109589041
Hudson Bay Area,2022,49.78282521507149,60.17925122148617,710960.9726027397,859434.9315068494
Hudson Bay Area,2023,47.48375360450826,56.327568118461684,678127.3561643836,804428.0821917808
Hudson Bay Area,2024,44.705128959357175,53.929284595425145,638445.1229508197,770177.5956284154
Hudson Bay Area,2025,44.018493810137585,54.07913431851563,628639.1147260274,772317.6369863014
Hudson Strait,1979,50.152792274870876,63.921850437907025,95603.7602739726,121851.02739726027
Hudson Strait,1980,46.302699991041834,60.643196273403206,88264.5218579235,115601.09289617486
Hudson Strait,1981,44.09392499438581,59.34426229508197,84054.04452054795,113125.0
Hudson Strait,1982,51.10863148439254,65.17763305636649,97425.82876712328,124244.86301369863
Hudson Strait,1983,56.618816977318666,70.12530878059735,107929.6198630137,133676.3698630137
Hudson Strait,1984,56.43377765833557,68.92054107318822,107576.88866120219,131379.78142076504
Hudson Strait,1985,50.699138558275315,62.31394565461487,96645.23287671233,118785.95890410959
Hudson Strait,1986,50.85551134066921,66.29508196721312,96943.31849315068,126375.0
Hudson Strait,1988,49.156481744538716,60.98373453116802,93704.54332552693,116250.24395003903
Hudson Strait,1989,48.93423399955086,61.95553559398159,93280.88356164383,118102.7397260274
Hudson Strait,1990,52.281611497866606,66.03907478104648,99661.82191780822,125886.98630136986
Hudson Strait,1991,50.162288794071415,62.169324051201436,95621.86301369863,118510.27397260274
Hudson Strait,1992,55.404009674818596,68.87485442981277,105613.89344262295,131292.6912568306
Hudson Strait,1993,52.12171569728273,63.82393891758365,99357.02054794521,121664.38356164383
Hudson Strait,1994,49.031674825960025,61.41298001347406,93466.6301369863,117068.49315068492
Hudson Strait,1995,44.265791152032335,57.33303390972378,84381.66438356164,109291.09589041096
Hudson Strait,1996,46.65848607005286,60.60019707963809,88942.73907103825,115519.1256830601
Hudson Strait,1997,45.741003368515614,58.11542780148214,87193.78767123287,110782.53424657535
Hudson Strait,1998,40.35082865483943,51.74848416797665,76918.76712328767,98645.54794520549
Hudson Strait,1999,39.756245227936226,53.97529755221199,75785.34246575342,102890.4109589041
Hudson Strait,2000,42.80767893935322,56.596792976798355,81602.13797814208,107887.63661202186
Hudson Strait,2001,40.32886054345386,53.89175836514709,76876.8904109589,102731.16438356164
Hudson Strait,2002,43.55497147990119,56.30092072759937,83026.66438356164,107323.6301369863
Hudson Strait,2003,37.415919155625424,50.807096339546376,71324.09589041096,96851.02739726027
Hudson Strait,2004,41.05945355191257,55.09450864462958,78269.58333333333,105023.90710382514
Hudson Strait,2005,40.029506400179656,53.77677969907928,76306.24657534246,102511.98630136986
Hudson Strait,2006,35.19945025825287,47.73590837637548,67098.95205479451,90996.57534246576
Hudson Strait,2007,40.49756658432518,55.30114529530653,77198.48630136986,105417.80821917808
Hudson Strait,2008,44.861040938815734,55.86580668279136,85516.35928961748,106494.19398907103
Hudson Strait,2009,41.8708430271727,55.12777902537615,79816.29452054795,105087.32876712328
Hudson Strait,2010,34.09038041769594,45.004266786436105,64984.78767123288,85789.38356164383
Hudson Strait,2011,27.126895126880754,42.41095890410959,51710.643835616436,80845.8904109589
Hudson Strait,2012,38.1469282450954,52.873779449968644,72717.58196721312,100790.64207650273
Hudson Strait,2013,42.6020534471143,55.24545250392993,81210.16438356164,105311.64383561644
Hudson Strait,2014,44.29127329889962,55.89130922973276,84430.2397260274,106542.80821917808
Hudson Strait,2015,44.781420166180105,58.86638221423759,85364.58219178082,112214.04109589041
Hudson Strait,2016,42.78611842694616,55.353399623757056,81561.03825136612,105517.41803278688
Hudson Strait,2017,40.74715652369189,53.12822816079048,77674.26712328767,101275.68493150685
Hudson Strait,2018,43.42142375926342,58.53132719514934,82772.0890410959,111575.34246575342
Hudson Strait,2019,37.25150325623175,49.568380866831355,71010.67808219178,94489.72602739726
Hudson Strait,2020,36.096701603511605,50.974648392009314,68809.33743169399,97170.42349726777
Hudson Strait,2021,34.08383022681338,47.178082191780824,64972.30136986302,89933.21917808219
Hudson Strait,2022,38.13827981136313,52.5192005389625,72701.09589041096,100114.72602739726
Hudson Strait,2023,38.73845407590389,49.02582528632383,73845.17808219178,93455.47945205479
Hudson Strait,2024,34.65901281017648,46.669354116276985,66068.7431693989,88963.456284153
Hudson Strait,2025,30.256812036829103,45.16909948349427,57677.04794520548,86103.59589041096
