region,event_type,year,threshold_percent,date
Foxe Basin,freeze-up,1978,10,1978-10-26 00:00:00.000000
Foxe Basin,freeze-up,1978,50,1978-10-26 00:00:00.000000
Foxe Basin,freeze-up,1978,90,1978-11-17 16:44:51.109311
Foxe Basin,break-up,1979,10,1979-09-01 23:20:08.216766
Foxe Basin,break-up,1979,50,1979-07-22 17:09:16.616176
Foxe Basin,break-up,1979,90,1979-06-14 20:40:26.841496
Foxe Basin,freeze-up,1979,10,1979-10-16 18:31:29.256809
Foxe Basin,freeze-up,1979,50,1979-10-31 03:19:25.055941
Foxe Basin,freeze-up,1979,90,1979-12-10 05:27:49.453163
Foxe Basin,break-up,1980,10,1980-08-19 01:54:05.592804
Foxe Basin,break-up,1980,50,1980-07-19 17:36:24.493504
Foxe Basin,break-up,1980,90,1980-06-03 02:47:30.612244
Foxe Basin,freeze-up,1980,10,1980-10-20 22:25:06.159368
Foxe Basin,freeze-up,1980,50,1980-11-08 19:44:09.193548
Foxe Basin,freeze-up,1980,90,1980-12-18 18:08:08.611544
Foxe Basin,break-up,1981,10,1981-08-07 10:23:46.360784
Foxe Basin,break-up,1981,50,1981-07-11 18:08:50.377912
Foxe Basin,break-up,1981,90,1981-05-18 00:25:02.432146
Foxe Basin,freeze-up,1981,10,1981-11-02 10:12:12.791626
Foxe Basin,freeze-up,1981,50,1981-11-14 18:28:29.381573
Foxe Basin,freeze-up,1981,90,1981-12-28 17:19:28.093061
Foxe Basin,break-up,1982,10,1982-08-18 11:04:52.595503
Foxe Basin,break-up,1982,50,1982-07-16 12:22:22.221217
Foxe Basin,break-up,1982,90,1982-06-06 04:52:33.719008
Foxe Basin,freeze-up,1982,10,1982-10-20 11:21:41.688435
Foxe Basin,freeze-up,1982,50,1982-11-07 10:18:31.123876
Foxe Basin,freeze-up,1982,90,1982-12-07 00:02:25.624270
Foxe Basin,break-up,1983,10,
Foxe Basin,break-up,1983,50,1983-08-07 05:13:52.847618
Foxe Basin,break-up,1983,90,1983-06-16 23:50:45.548880
Foxe Basin,freeze-up,1983,10,1983-09-16 00:00:00.000000
Foxe Basin,freeze-up,1983,50,1983-10-26 17:29:08.176923
Foxe Basin,freeze-up,1983,90,1983-11-16 09:10:37.694851
Foxe Basin,break-up,1984,10,1984-08-22 06:13:16.503687
Foxe Basin,break-up,1984,50,1984-07-20 16:54:22.868369
Foxe Basin,break-up,1984,90,1984-06-11 21:03:01.413897
Foxe Basin,freeze-up,1984,10,1984-10-21 18:16:53.606079
Foxe Basin,freeze-up,1984,50,1984-11-02 11:36:22.980286
Foxe Basin,freeze-up,1984,90,1984-12-12 05:53:46.130653
Foxe Basin,break-up,1985,10,1985-08-17 19:58:52.011331
Foxe Basin,break-up,1985,50,1985-07-11 03:42:52.224537
Foxe Basin,break-up,1985,90,1985-06-03 04:15:46.265761
Foxe Basin,freeze-up,1985,10,1985-10-26 09:19:02.892924
Foxe Basin,freeze-up,1985,50,1985-11-11 02:14:20.644689
Foxe Basin,freeze-up,1985,90,1986-01-02 16:37:30.942079
Foxe Basin,break-up,1986,10,1986-08-24 13:56:50.752688
Foxe Basin,break-up,1986,50,1986-07-19 20:58:15.356738
Foxe Basin,break-up,1986,90,1986-05-12 19:41:02.312838
Foxe Basin,freeze-up,1986,10,1986-10-07 04:12:23.911439
Foxe Basin,freeze-up,1986,50,1986-10-21 09:12:18.703783
Foxe Basin,freeze-up,1986,90,1986-11-21 10:38:17.463284
Foxe Basin,break-up,1987,10,
Foxe Basin,break-up,1987,50,1987-07-24 07:44:37.735619
Foxe Basin,break-up,1987,90,1987-05-31 00:55:30.114358
Foxe Basin,freeze-up,1987,10,
Foxe Basin,freeze-up,1987,50,
Foxe Basin,freeze-up,1987,90,
Foxe Basin,break-up,1988,10,1988-08-23 00:01:35.978671
Foxe Basin,break-up,1988,50,1988-07-18 09:45:07.754494
Foxe Basin,break-up,1988,90,1988-06-06 06:40:31.940377
Foxe Basin,freeze-up,1988,10,1988-10-26 05:46:00.000000
Foxe Basin,freeze-up,1988,50,1988-11-09 11:39:22.283515
Foxe Basin,freeze-up,1988,90,1988-12-06 08:55:52.870333
Foxe Basin,break-up,1989,10,1989-08-27 07:23:56.487804
Foxe Basin,break-up,1989,50,1989-07-21 18:46:52.218327
Foxe Basin,break-up,1989,90,1989-06-14 03:05:56.131900
Foxe Basin,freeze-up,1989,10,1989-10-15 09:31:38.060501
Foxe Basin,freeze-up,1989,50,1989-10-27 08:11:09.029738
Foxe Basin,freeze-up,1989,90,1989-12-03 11:51:28.639508
Foxe Basin,break-up,1990,10,1990-09-11 15:09:58.187311
Foxe Basin,break-up,1990,50,1990-07-29 06:18:34.448796
Foxe Basin,break-up,1990,90,1990-06-21 05:27:34.072723
Foxe Basin,freeze-up,1990,10,1990-10-10 15:58:08.872936
Foxe Basin,freeze-up,1990,50,1990-10-21 05:27:28.543393
Foxe Basin,freeze-up,1990,90,1990-11-28 23:14:12.693056
Foxe Basin,break-up,1991,10,1991-08-28 15:06:46.758183
Foxe Basin,break-up,1991,50,1991-07-19 12:07:12.282801
Foxe Basin,break-up,1991,90,1991-05-22 13:44:24.817150
Foxe Basin,freeze-up,1991,10,1991-10-13 05:57:27.241867
Foxe Basin,freeze-up,1991,50,1991-11-02 06:42:44.925783
Foxe Basin,freeze-up,1991,90,1991-12-06 22:49:58.697006
Foxe Basin,break-up,1992,10,1992-08-29 01:59:13.428201
Foxe Basin,break-up,1992,50,1992-07-29 01:20:41.953727
Foxe Basin,break-up,1992,90,1992-06-04 21:35:08.537392
Foxe Basin,freeze-up,1992,10,1992-10-23 21:13:20.520156
Foxe Basin,freeze-up,1992,50,1992-11-02 21:54:13.036783
Foxe Basin,freeze-up,1992,90,1992-12-15 16:42:28.865355
Foxe Basin,break-up,1993,10,1993-09-04 12:26:47.699711
Foxe Basin,break-up,1993,50,1993-07-13 20:42:20.724946
Foxe Basin,break-up,1993,90,1993-06-02 21:08:21.149425
Foxe Basin,freeze-up,1993,10,1993-10-28 04:33:36.779431
Foxe Basin,freeze-up,1993,50,1993-11-05 07:05:53.153557
Foxe Basin,freeze-up,1993,90,1993-12-05 01:59:24.387547
Foxe Basin,break-up,1994,10,1994-08-13 20:33:37.421154
Foxe Basin,break-up,1994,50,1994-07-11 07:41:27.929461
Foxe Basin,break-up,1994,90,1994-05-21 06:41:48.810469
Foxe Basin,freeze-up,1994,10,1994-10-23 14:38:38.644067
Foxe Basin,freeze-up,1994,50,1994-11-18 03:27:19.110252
Foxe Basin,freeze-up,1994,90,1994-12-21 18:37:40.675411
Foxe Basin,break-up,1995,10,1995-08-18 23:11:47.840772
Foxe Basin,break-up,1995,50,1995-07-10 16:05:34.347477
Foxe Basin,break-up,1995,90,1995-05-13 13:36:52.750968
Foxe Basin,freeze-up,1995,10,1995-10-19 02:09:34.157782
Foxe Basin,freeze-up,1995,50,1995-11-16 10:21:27.676002
Foxe Basin,freeze-up,1995,90,1995-12-04 20:38:00.542986
Foxe Basin,break-up,1996,10,1996-08-20 11:12:08.011126
Foxe Basin,break-up,1996,50,1996-07-14 15:33:49.808219
Foxe Basin,break-up,1996,90,1996-05-30 00:33:08.079969
Foxe Basin,freeze-up,1996,10,1996-10-20 02:26:54.705882
Foxe Basin,freeze-up,1996,50,1996-11-11 20:22:14.959230
Foxe Basin,freeze-up,1996,90,1996-12-23 03:06:29.074640
Foxe Basin,break-up,1997,10,1997-08-08 00:55:57.177447
Foxe Basin,break-up,1997,50,1997-07-09 21:29:40.866721
Foxe Basin,break-up,1997,90,1997-05-26 16:00:16.961130
Foxe Basin,freeze-up,1997,10,1997-10-19 00:21:03.180554
Foxe Basin,freeze-up,1997,50,1997-11-08 03:01:42.347067
Foxe Basin,freeze-up,1997,90,1997-12-16 16:57:38.952764
Foxe Basin,break-up,1998,10,1998-08-15 13:59:37.927651
Foxe Basin,break-up,1998,50,1998-07-08 00:54:38.276580
Foxe Basin,break-up,1998,90,1998-05-27 10:00:35.285014
Foxe Basin,freeze-up,1998,10,1998-11-04 20:26:16.096135
Foxe Basin,freeze-up,1998,50,1998-11-23 03:52:20.221436
Foxe Basin,freeze-up,1998,90,1998-12-23 17:50:27.020357
Foxe Basin,break-up,1999,10,1999-08-20 16:31:18.598382
Foxe Basin,break-up,1999,50,1999-07-13 11:17:13.891436
Foxe Basin,break-up,1999,90,1999-05-19 09:37:59.267321
Foxe Basin,freeze-up,1999,10,1999-10-19 22:15:22.715020
Foxe Basin,freeze-up,1999,50,1999-11-08 22:02:37.426887
Foxe Basin,freeze-up,1999,90,1999-12-27 13:15:06.584847
Foxe Basin,break-up,2000,10,2000-08-11 19:19:34.462959
Foxe Basin,break-up,2000,50,2000-07-11 17:44:09.853372
Foxe Basin,break-up,2000,90,2000-06-01 07:33:30.827693
Foxe Basin,freeze-up,2000,10,2000-10-25 11:29:24.819899
Foxe Basin,freeze-up,2000,50,2000-11-10 13:11:06.285550
Foxe Basin,freeze-up,2000,90,2000-12-17 15:47:07.130639
Foxe Basin,break-up,2001,10,2001-08-18 13:27:14.964736
Foxe Basin,break-up,2001,50,2001-07-12 05:25:44.687532
Foxe Basin,break-up,2001,90,2001-05-01 06:55:12.079426
Foxe Basin,freeze-up,2001,10,2001-10-29 06:26:23.554666
Foxe Basin,freeze-up,2001,50,2001-11-15 01:49:33.954347
Foxe Basin,freeze-up,2001,90,2001-12-09 22:59:11.171393
Foxe Basin,break-up,2002,10,2002-08-12 10:29:57.579560
Foxe Basin,break-up,2002,50,2002-07-12 11:56:33.301435
Foxe Basin,break-up,2002,90,2002-06-09 07:03:16.363636
Foxe Basin,freeze-up,2002,10,2002-11-08 07:36:19.749051
Foxe Basin,freeze-up,2002,50,2002-11-22 01:44:53.951946
Foxe Basin,freeze-up,2002,90,2002-12-23 12:00:38.675022
Foxe Basin,break-up,2003,10,2003-08-09 01:24:26.277372
Foxe Basin,break-up,2003,50,2003-07-06 03:58:01.560095
Foxe Basin,break-up,2003,90,2003-05-04 03:15:01.904606
Foxe Basin,freeze-up,2003,10,2003-11-02 04:22:40.879120
Foxe Basin,freeze-up,2003,50,2003-11-28 06:27:36.314410
Foxe Basin,freeze-up,2003,90,2003-12-30 11:03:35.869170
Foxe Basin,break-up,2004,10,2004-08-18 19:51:46.596226
Foxe Basin,break-up,2004,50,2004-07-14 09:24:28.893078
Foxe Basin,break-up,2004,90,2004-06-06 15:22:35.465587
Foxe Basin,freeze-up,2004,10,2004-10-26 23:48:11.332298
Foxe Basin,freeze-up,2004,50,2004-11-06 20:28:45.810075
Foxe Basin,freeze-up,2004,90,2004-12-06 01:02:43.066202
Foxe Basin,break-up,2005,10,2005-08-01 09:44:26.196669
Foxe Basin,break-up,2005,50,2005-07-05 07:05:50.072568
Foxe Basin,break-up,2005,90,2005-05-14 06:39:52.909896
Foxe Basin,freeze-up,2005,10,2005-11-04 01:51:23.671335
Foxe Basin,freeze-up,2005,50,2005-11-19 04:52:10.376444
Foxe Basin,freeze-up,2005,90,2005-12-23 00:24:28.289743
Foxe Basin,break-up,2006,10,2006-07-27 03:34:27.737667
Foxe Basin,break-up,2006,50,2006-06-18 16:58:49.531914
Foxe Basin,break-up,2006,90,2006-04-20 13:08:53.820306
Foxe Basin,freeze-up,2006,10,2006-11-10 11:11:55.887183
Foxe Basin,freeze-up,2006,50,2006-11-30 06:55:43.304347
Foxe Basin,freeze-up,2006,90,2007-01-06 16:13:26.742687
Foxe Basin,break-up,2007,10,2007-08-15 00:32:14.956183
Foxe Basin,break-up,2007,50,2007-07-08 22:59:30.795024
Foxe Basin,break-up,2007,90,2007-04-16 21:45:16.193522
Foxe Basin,freeze-up,2007,10,2007-10-28 21:38:20.628212
Foxe Basin,freeze-up,2007,50,2007-11-12 21:50:48.324649
Foxe Basin,freeze-up,2007,90,2007-12-14 13:06:25.658067
Foxe Basin,break-up,2008,10,2008-08-19 08:28:48.747566
Foxe Basin,break-up,2008,50,2008-07-13 04:54:56.626097
Foxe Basin,break-up,2008,90,2008-06-05 00:43:18.213118
Foxe Basin,freeze-up,2008,10,2008-10-27 08:10:48.683853
Foxe Basin,freeze-up,2008,50,2008-11-07 04:08:52.977017
Foxe Basin,freeze-up,2008,90,2008-12-10 11:07:33.704876
Foxe Basin,break-up,2009,10,2009-08-06 19:27:01.509620
Foxe Basin,break-up,2009,50,2009-07-06 16:11:41.091257
Foxe Basin,break-up,2009,90,2009-05-23 00:04:17.197533
Foxe Basin,freeze-up,2009,10,2009-10-22 19:54:48.125466
Foxe Basin,freeze-up,2009,50,2009-11-06 18:24:47.259833
Foxe Basin,freeze-up,2009,90,2010-01-21 08:17:42.669357
Foxe Basin,break-up,2010,10,2010-08-04 11:03:27.256894
Foxe Basin,break-up,2010,50,2010-07-04 15:47:31.082368
Foxe Basin,break-up,2010,90,2010-05-08 01:15:27.714748
Foxe Basin,freeze-up,2010,10,2010-11-15 23:21:35.329062
Foxe Basin,freeze-up,2010,50,2010-12-08 23:45:22.000000
Foxe Basin,freeze-up,2010,90,2011-01-28 05:45:40.884312
Foxe Basin,break-up,2011,10,2011-08-09 17:40:52.769845
Foxe Basin,break-up,2011,50,2011-07-05 18:35:53.590504
Foxe Basin,break-up,2011,90,2011-05-03 18:18:33.196209
Foxe Basin,freeze-up,2011,10,2011-11-01 10:16:57.572625
Foxe Basin,freeze-up,2011,50,2011-11-23 01:06:30.584891
Foxe Basin,freeze-up,2011,90,2011-12-28 19:38:31.508793
Foxe Basin,break-up,2012,10,2012-08-11 01:06:06.639935
Foxe Basin,break-up,2012,50,2012-07-07 13:34:24.094955
Foxe Basin,break-up,2012,90,2012-05-14 01:32:34.460492
Foxe Basin,freeze-up,2012,10,2012-11-04 18:55:44.755739
Foxe Basin,freeze-up,2012,50,2012-11-19 13:56:08.480312
Foxe Basin,freeze-up,2012,90,2012-12-31 01:01:44.141519
Foxe Basin,break-up,2013,10,2013-08-13 06:36:48.911614
Foxe Basin,break-up,2013,50,2013-07-10 05:45:28.930450
Foxe Basin,break-up,2013,90,2013-05-25 11:13:27.272727
Foxe Basin,freeze-up,2013,10,2013-10-27 06:51:28.210313
Foxe Basin,freeze-up,2013,50,2013-11-12 11:14:41.771536
Foxe Basin,freeze-up,2013,90,2013-12-17 14:28:50.301167
Foxe Basin,break-up,2014,10,2014-08-10 00:00:00.000000
Foxe Basin,break-up,2014,50,2014-07-13 05:17:56.356945
Foxe Basin,break-up,2014,90,2014-06-02 07:42:06.708074
Foxe Basin,freeze-up,2014,10,2014-10-23 17:40:33.057529
Foxe Basin,freeze-up,2014,50,2014-11-11 21:42:13.498925
Foxe Basin,freeze-up,2014,90,2014-11-30 23:48:02.902537
Foxe Basin,break-up,2015,10,2015-08-27 16:59:11.351351
Foxe Basin,break-up,2015,50,2015-07-16 22:22:30.000000
Foxe Basin,break-up,2015,90,2015-05-16 09:41:40.027329
Foxe Basin,freeze-up,2015,10,2015-10-24 01:28:47.148515
Foxe Basin,freeze-up,2015,50,2015-11-03 03:50:07.876749
Foxe Basin,freeze-up,2015,90,2015-12-03 22:14:37.053824
Foxe Basin,break-up,2016,10,2016-08-05 02:05:37.829912
Foxe Basin,break-up,2016,50,2016-07-04 16:22:54.720709
Foxe Basin,break-up,2016,90,2016-05-05 21:48:04.397556
Foxe Basin,freeze-up,2016,10,2016-10-27 05:17:12.282567
Foxe Basin,freeze-up,2016,50,2016-11-20 14:33:33.709524
Foxe Basin,freeze-up,2016,90,2016-12-20 06:27:08.210934
Foxe Basin,break-up,2017,10,2017-08-03 13:27:13.865967
Foxe Basin,break-up,2017,50,2017-07-04 13:18:25.043478
Foxe Basin,break-up,2017,90,2017-05-14 09:36:19.034330
Foxe Basin,freeze-up,2017,10,2017-10-28 04:45:05.367793
Foxe Basin,freeze-up,2017,50,2017-11-14 14:54:58.663193
Foxe Basin,freeze-up,2017,90,2017-12-21 10:51:42.151198
Foxe Basin,break-up,2018,10,2018-08-17 12:17:20.128410
Foxe Basin,break-up,2018,50,2018-07-10 19:44:38.594885
Foxe Basin,break-up,2018,90,2018-05-17 17:58:35.414738
Foxe Basin,freeze-up,2018,10,2018-10-16 13:54:12.126376
Foxe Basin,freeze-up,2018,50,2018-11-04 22:05:04.794816
Foxe Basin,freeze-up,2018,90,2018-12-21 15:22:31.578947
Foxe Basin,break-up,2019,10,2019-07-20 06:12:21.145060
Foxe Basin,break-up,2019,50,2019-06-26 16:58:39.208824
Foxe Basin,break-up,2019,90,2019-05-01 01:49:12.428705
Foxe Basin,freeze-up,2019,10,2019-11-13 21:05:20.792079
Foxe Basin,freeze-up,2019,50,2019-12-02 03:31:25.090909
Foxe Basin,freeze-up,2019,90,2020-01-04 05:23:46.509368
Foxe Basin,break-up,2020,10,2020-08-05 10:39:35.180972
Foxe Basin,break-up,2020,50,2020-07-03 12:48:09.028213
Foxe Basin,break-up,2020,90,2020-05-10 05:41:42.894593
Foxe Basin,freeze-up,2020,10,2020-11-03 04:11:26.199275
Foxe Basin,freeze-up,2020,50,2020-11-19 23:49:21.366061
Foxe Basin,freeze-up,2020,90,2020-12-31 19:42:55.012444
Foxe Basin,break-up,2021,10,2021-08-10 03:54:05.228617
Foxe Basin,break-up,2021,50,2021-07-11 11:55:30.622704
Foxe Basin,break-up,2021,90,2021-05-16 15:37:35.394321
Foxe Basin,freeze-up,2021,10,2021-11-08 04:52:01.200948
Foxe Basin,freeze-up,2021,50,2021-11-29 06:23:10.709046
Foxe Basin,freeze-up,2021,90,2022-01-08 10:21:47.287201
Foxe Basin,break-up,2022,10,2022-07-29 11:37:29.651252
Foxe Basin,break-up,2022,50,2022-07-04 17:03:54.515802
Foxe Basin,break-up,2022,90,2022-05-05 22:52:33.719008
Foxe Basin,freeze-up,2022,10,2022-11-01 04:33:49.796546
Foxe Basin,freeze-up,2022,50,2022-11-15 09:22:20.765783
Foxe Basin,freeze-up,2022,90,2022-12-31 13:48:29.829406
Foxe Basin,break-up,2023,10,2023-08-14 13:21:18.400450
Foxe Basin,break-up,2023,50,2023-06-23 03:22:28.026892
Foxe Basin,break-up,2023,90,2023-05-03 21:40:20.689655
Foxe Basin,freeze-up,2023,10,2023-11-04 17:33:10.356164
Foxe Basin,freeze-up,2023,50,2023-12-10 01:10:53.604362
Foxe Basin,freeze-up,2023,90,2024-01-07 01:13:57.562284
Foxe Basin,break-up,2024,10,2024-07-27 05:34:41.558833
Foxe Basin,break-up,2024,50,2024-07-02 09:09:30.696557
Foxe Basin,break-up,2024,90,2024-04-06 20:52:08.384279
Foxe Basin,freeze-up,2024,10,2024-11-22 07:57:45.998568
Foxe Basin,freeze-up,2024,50,2024-12-05 04:23:28.847271
Foxe Basin,freeze-up,2024,90,2025-02-03 03:01:08.173992
Foxe Basin,break-up,2025,10,2025-08-01 02:26:40.744186
Foxe Basin,break-up,2025,50,2025-06-26 20:35:24.498148
Foxe Basin,break-up,2025,90,2025-05-06 22:27:04.010311
Foxe Basin,freeze-up,2025,10,2025-11-23 09:58:08.278825
Foxe Basin,freeze-up,2025,50,2025-12-11 22:44:18.324299
Foxe Basin,freeze-up,2025,90,2026-01-28 17:59:40.381471
Foxe Basin,break-up,2026,10,2026-07-22 15:48:21.492537
Foxe Basin,break-up,2026,50,2026-06-25 14:33:11.258477
Foxe Basin,break-up,2026,90,2026-05-05 00:25:14.329738
Gulf of Boothia,freeze-up,1978,10,1978-10-26 00:00:00.000000
Gulf of Boothia,freeze-up,1978,50,1978-10-26 00:00:00.000000
Gulf of Boothia,freeze-up,1978,90,1978-10-26 00:00:00.000000
Gulf of Boothia,break-up,1979,10,
Gulf of Boothia,break-up,1979,50,
Gulf of Boothia,break-up,1979,90,1979-07-02 05:58:31.624548
Gulf of Boothia,freeze-up,1979,10,1979-09-16 00:00:00.000000
Gulf of Boothia,freeze-up,1979,50,1979-09-16 00:00:00.000000
Gulf of Boothia,freeze-up,1979,90,1979-10-01 19:40:49.783281
Gulf of Boothia,break-up,1980,10,
Gulf of Boothia,break-up,1980,50,1980-08-17 09:26:00.846885
Gulf of Boothia,break-up,1980,90,1980-06-24 08:13:37.895840
Gulf of Boothia,freeze-up,1980,10,1980-09-16 00:00:00.000000
Gulf of Boothia,freeze-up,1980,50,1980-09-16 00:00:00.000000
Gulf of Boothia,freeze-up,1980,90,1980-10-08 05:47:18.896476
Gulf of Boothia,break-up,1981,10,
Gulf of Boothia,break-up,1981,50,1981-08-06 14:35:04.103748
Gulf of Boothia,break-up,1981,90,1981-06-25 10:33:14.836146
Gulf of Boothia,freeze-up,1981,10,1981-09-16 00:00:00.000000
Gulf of Boothia,freeze-up,1981,50,1981-09-30 14:52:55.367124
Gulf of Boothia,freeze-up,1981,90,1981-11-20 08:02:09.909784
Gulf of Boothia,break-up,1982,10,
Gulf of Boothia,break-up,1982,50,1982-09-03 15:32:08.667496
Gulf of Boothia,break-up,1982,90,1982-06-18 19:03:22.693054
Gulf of Boothia,freeze-up,1982,10,1982-09-16 00:00:00.000000
Gulf of Boothia,freeze-up,1982,50,1982-09-20 18:28:03.295444
Gulf of Boothia,freeze-up,1982,90,1982-11-04 22:49:09.630624
Gulf of Boothia,break-up,1983,10,
Gulf of Boothia,break-up,1983,50,1983-08-30 14:22:23.169243
Gulf of Boothia,break-up,1983,90,1983-06-13 15:35:33.183755
Gulf of Boothia,freeze-up,1983,10,1983-09-16 00:00:00.000000
Gulf of Boothia,freeze-up,1983,50,1983-10-03 04:52:00.465245
Gulf of Boothia,freeze-up,1983,90,1983-10-30 07:23:52.764664
Gulf of Boothia,break-up,1984,10,
Gulf of Boothia,break-up,1984,50,1984-08-12 02:38:01.533715
Gulf of Boothia,break-up,1984,90,1984-06-16 12:22:55.289180
Gulf of Boothia,freeze-up,1984,10,1984-09-16 00:00:00.000000
Gulf of Boothia,freeze-up,1984,50,1984-09-29 19:27:03.350927
Gulf of Boothia,freeze-up,1984,90,1984-11-12 02:50:00.889943
Gulf of Boothia,break-up,1985,10,1985-09-02 14:51:48.988057
Gulf of Boothia,break-up,1985,50,1985-07-28 06:57:18.989416
Gulf of Boothia,break-up,1985,90,1985-06-09 12:52:36.441201
Gulf of Boothia,freeze-up,1985,10,1985-10-03 13:08:44.275344
Gulf of Boothia,freeze-up,1985,50,1985-10-12 20:07:09.328706
Gulf of Boothia,freeze-up,1985,90,1985-11-12 02:02:09.798515
Gulf of Boothia,break-up,1986,10,
Gulf of Boothia,break-up,1986,50,1986-09-04 10:33:08.865096
Gulf of Boothia,break-up,1986,90,1986-06-24 14:02:29.962358
Gulf of Boothia,freeze-up,1986,10,1986-09-16 00:00:00.000000
Gulf of Boothia,freeze-up,1986,50,1986-09-28 22:33:58.801711
Gulf of Boothia,freeze-up,1986,90,1986-10-18 16:16:30.940766
Gulf of Boothia,break-up,1987,10,
Gulf of Boothia,break-up,1987,50,1987-09-11 03:48:34.285714
Gulf of Boothia,break-up,1987,90,1987-07-11 18:13:28.876560
Gulf of Boothia,freeze-up,1987,10,
Gulf of Boothia,freeze-up,1987,50,
Gulf of Boothia,freeze-up,1987,90,1987-10-17 15:15:01.621621
Gulf of Boothia,break-up,1988,10,
Gulf of Boothia,break-up,1988,50,1988-08-06 06:06:18.405434
Gulf of Boothia,break-up,1988,90,1988-06-25 04:44:16.744186
Gulf of Boothia,freeze-up,1988,10,1988-09-16 00:00:00.000000
Gulf of Boothia,freeze-up,1988,50,1988-10-13 21:57:59.099678
Gulf of Boothia,freeze-up,1988,90,1988-11-03 23:08:24.508895
Gulf of Boothia,break-up,1989,10,
Gulf of Boothia,break-up,1989,50,1989-08-06 15:25:35.066902
Gulf of Boothia,break-up,1989,90,1989-06-16 13:05:23.600233
Gulf of Boothia,freeze-up,1989,10,1989-09-16 00:00:00.000000
Gulf of Boothia,freeze-up,1989,50,1989-10-11 22:43:21.420271
Gulf of Boothia,freeze-up,1989,90,1989-11-01 15:41:08.441064
Gulf of Boothia,break-up,1990,10,
Gulf of Boothia,break-up,1990,50,1990-08-21 03:22:30.874918
Gulf of Boothia,break-up,1990,90,1990-06-27 01:55:24.004465
Gulf of Boothia,freeze-up,1990,10,1990-09-16 00:00:00.000000
Gulf of Boothia,freeze-up,1990,50,1990-09-30 10:55:23.698125
Gulf of Boothia,freeze-up,1990,90,1990-10-28 12:27:55.768261
Gulf of Boothia,break-up,1991,10,
Gulf of Boothia,break-up,1991,50,1991-08-07 14:35:08.206686
Gulf of Boothia,break-up,1991,90,1991-06-10 16:08:06.832740
Gulf of Boothia,freeze-up,1991,10,1991-09-16 00:00:00.000000
Gulf of Boothia,freeze-up,1991,50,1991-10-03 02:31:31.684689
Gulf of Boothia,freeze-up,1991,90,1991-11-04 02:57:24.411326
Gulf of Boothia,break-up,1992,10,
Gulf of Boothia,break-up,1992,50,1992-09-06 09:37:34.083484
Gulf of Boothia,break-up,1992,90,1992-06-25 17:34:04.256143
Gulf of Boothia,freeze-up,1992,10,1992-09-16 00:00:00.000000
Gulf of Boothia,freeze-up,1992,50,1992-09-16 00:00:00.000000
Gulf of Boothia,freeze-up,1992,90,1992-11-05 04:21:15.046439
Gulf of Boothia,break-up,1993,10,
Gulf of Boothia,break-up,1993,50,1993-08-13 10:39:43.946488
Gulf of Boothia,break-up,1993,90,1993-05-10 18:15:11.467814
Gulf of Boothia,freeze-up,1993,10,1993-09-16 00:00:00.000000
Gulf of Boothia,freeze-up,1993,50,1993-10-06 02:43:52.045850
Gulf of Boothia,freeze-up,1993,90,1993-11-05 14:34:53.471280
Gulf of Boothia,break-up,1994,10,
Gulf of Boothia,break-up,1994,50,1994-08-05 13:51:22.872928
Gulf of Boothia,break-up,1994,90,1994-06-12 13:22:21.849380
Gulf of Boothia,freeze-up,1994,10,1994-09-16 00:00:00.000000
Gulf of Boothia,freeze-up,1994,50,1994-10-07 07:00:18.478768
Gulf of Boothia,freeze-up,1994,90,1994-11-19 05:54:37.448747
Gulf of Boothia,break-up,1995,10,
Gulf of Boothia,break-up,1995,50,1995-08-06 21:14:49.977728
Gulf of Boothia,break-up,1995,90,1995-06-12 23:03:14.710800
Gulf of Boothia,freeze-up,1995,10,1995-09-16 00:00:00.000000
Gulf of Boothia,freeze-up,1995,50,1995-09-30 04:05:30.747345
Gulf of Boothia,freeze-up,1995,90,1995-11-05 09:27:26.096654
Gulf of Boothia,break-up,1996,10,
Gulf of Boothia,break-up,1996,50,1996-07-26 00:47:23.813165
Gulf of Boothia,break-up,1996,90,1996-06-16 21:04:00.690150
Gulf of Boothia,freeze-up,1996,10,1996-09-16 00:00:00.000000
Gulf of Boothia,freeze-up,1996,50,1996-10-08 07:16:13.116691
Gulf of Boothia,freeze-up,1996,90,1996-11-19 16:04:09.287169
Gulf of Boothia,break-up,1997,10,
Gulf of Boothia,break-up,1997,50,1997-07-28 17:21:44.384426
Gulf of Boothia,break-up,1997,90,1997-05-31 12:30:33.210332
Gulf of Boothia,freeze-up,1997,10,1997-09-16 00:00:00.000000
Gulf of Boothia,freeze-up,1997,50,1997-09-30 09:37:44.265129
Gulf of Boothia,freeze-up,1997,90,1997-10-22 13:01:12.349272
Gulf of Boothia,break-up,1998,10,1998-08-31 04:15:35.903182
Gulf of Boothia,break-up,1998,50,1998-07-19 16:45:48.583358
Gulf of Boothia,break-up,1998,90,1998-06-02 16:26:29.688988
Gulf of Boothia,freeze-up,1998,10,1998-10-14 07:08:31.168104
Gulf of Boothia,freeze-up,1998,50,1998-10-23 14:43:22.874543
Gulf of Boothia,freeze-up,1998,90,1998-11-18 20:08:17.711349
Gulf of Boothia,break-up,1999,10,
Gulf of Boothia,break-up,1999,50,1999-07-29 14:16:19.161835
Gulf of Boothia,break-up,1999,90,1999-06-17 01:01:23.609820
Gulf of Boothia,freeze-up,1999,10,1999-09-16 00:00:00.000000
Gulf of Boothia,freeze-up,1999,50,1999-10-14 15:52:34.297003
Gulf of Boothia,freeze-up,1999,90,1999-11-09 07:32:21.361256
Gulf of Boothia,break-up,2000,10,2000-09-07 11:10:13.060179
Gulf of Boothia,break-up,2000,50,2000-08-01 02:54:04.682478
Gulf of Boothia,break-up,2000,90,2000-06-06 13:53:38.249075
Gulf of Boothia,freeze-up,2000,10,2000-09-29 15:27:16.297124
Gulf of Boothia,freeze-up,2000,50,2000-10-10 05:35:45.212926
Gulf of Boothia,freeze-up,2000,90,2000-11-07 09:42:12.614555
Gulf of Boothia,break-up,2001,10,2001-08-30 11:16:09.062119
Gulf of Boothia,break-up,2001,50,2001-07-30 04:31:32.133835
Gulf of Boothia,break-up,2001,90,2001-06-10 21:53:17.892518
Gulf of Boothia,freeze-up,2001,10,2001-10-06 10:52:24.077215
Gulf of Boothia,freeze-up,2001,50,2001-10-18 05:48:15.489243
Gulf of Boothia,freeze-up,2001,90,2001-11-12 10:35:19.652722
Gulf of Boothia,break-up,2002,10,
Gulf of Boothia,break-up,2002,50,2002-08-10 12:25:24.136643
Gulf of Boothia,break-up,2002,90,2002-06-14 16:11:15.510002
Gulf of Boothia,freeze-up,2002,10,2002-09-16 00:00:00.000000
Gulf of Boothia,freeze-up,2002,50,2002-10-06 22:16:22.888621
Gulf of Boothia,freeze-up,2002,90,2002-11-20 13:13:58.843169
Gulf of Boothia,break-up,2003,10,
Gulf of Boothia,break-up,2003,50,2003-08-26 17:11:48.196721
Gulf of Boothia,break-up,2003,90,2003-06-19 21:21:15.852765
Gulf of Boothia,freeze-up,2003,10,2003-09-16 00:00:00.000000
Gulf of Boothia,freeze-up,2003,50,2003-09-26 06:47:06.241391
Gulf of Boothia,freeze-up,2003,90,2003-11-27 00:11:34.582313
Gulf of Boothia,break-up,2004,10,
Gulf of Boothia,break-up,2004,50,2004-08-17 08:12:29.521237
Gulf of Boothia,break-up,2004,90,2004-06-23 04:15:16.853932
Gulf of Boothia,freeze-up,2004,10,2004-09-16 00:00:00.000000
Gulf of Boothia,freeze-up,2004,50,2004-09-27 15:20:41.106719
Gulf of Boothia,freeze-up,2004,90,2004-11-06 01:50:26.440677
Gulf of Boothia,break-up,2005,10,
Gulf of Boothia,break-up,2005,50,2005-08-05 06:56:18.385772
Gulf of Boothia,break-up,2005,90,2005-05-26 13:32:11.707317
Gulf of Boothia,freeze-up,2005,10,2005-09-16 00:00:00.000000
Gulf of Boothia,freeze-up,2005,50,2005-10-06 10:39:51.775060
Gulf of Boothia,freeze-up,2005,90,2005-11-30 11:11:16.839237
Gulf of Boothia,break-up,2006,10,2006-09-06 18:50:07.279029
Gulf of Boothia,break-up,2006,50,2006-07-24 23:15:21.314769
Gulf of Boothia,break-up,2006,90,2006-06-10 14:04:48.378200
Gulf of Boothia,freeze-up,2006,10,2006-10-10 12:57:08.247520
Gulf of Boothia,freeze-up,2006,50,2006-11-04 02:46:21.675196
Gulf of Boothia,freeze-up,2006,90,2006-11-26 10:38:45.528913
Gulf of Boothia,break-up,2007,10,2007-08-16 10:02:38.947862
Gulf of Boothia,break-up,2007,50,2007-07-23 13:10:41.407307
Gulf of Boothia,break-up,2007,90,2007-06-11 13:40:56.238587
Gulf of Boothia,freeze-up,2007,10,2007-10-15 04:10:46.016381
Gulf of Boothia,freeze-up,2007,50,2007-10-23 08:29:51.294567
Gulf of Boothia,freeze-up,2007,90,2007-11-12 03:23:36.519876
Gulf of Boothia,break-up,2008,10,2008-08-24 16:43:11.343963
Gulf of Boothia,break-up,2008,50,2008-07-28 11:12:28.330313
Gulf of Boothia,break-up,2008,90,2008-06-12 03:41:19.173000
Gulf of Boothia,freeze-up,2008,10,2008-10-08 13:39:07.510582
Gulf of Boothia,freeze-up,2008,50,2008-10-19 20:51:46.529209
Gulf of Boothia,freeze-up,2008,90,2008-11-16 18:03:54.782608
Gulf of Boothia,break-up,2009,10,
Gulf of Boothia,break-up,2009,50,2009-08-03 14:42:45.378151
Gulf of Boothia,break-up,2009,90,2009-06-12 07:21:20.665557
Gulf of Boothia,freeze-up,2009,10,2009-09-23 12:24:31.503738
Gulf of Boothia,freeze-up,2009,50,2009-10-13 12:00:17.580373
Gulf of Boothia,freeze-up,2009,90,2009-11-03 20:43:16.218375
Gulf of Boothia,break-up,2010,10,
Gulf of Boothia,break-up,2010,50,2010-08-06 00:15:53.573367
Gulf of Boothia,break-up,2010,90,2010-06-24 08:09:00.614334
Gulf of Boothia,freeze-up,2010,10,2010-09-16 00:00:00.000000
Gulf of Boothia,freeze-up,2010,50,2010-10-26 17:10:13.173099
Gulf of Boothia,freeze-up,2010,90,2010-12-04 02:12:53.770491
Gulf of Boothia,break-up,2011,10,2011-08-23 23:24:31.671554
Gulf of Boothia,break-up,2011,50,2011-07-20 07:46:04.323271
Gulf of Boothia,break-up,2011,90,2011-06-09 05:46:56.760676
Gulf of Boothia,freeze-up,2011,10,2011-10-15 22:17:38.247961
Gulf of Boothia,freeze-up,2011,50,2011-10-22 23:36:09.807037
Gulf of Boothia,freeze-up,2011,90,2011-11-19 11:39:36.589049
Gulf of Boothia,break-up,2012,10,2012-09-05 13:28:56.758594
Gulf of Boothia,break-up,2012,50,2012-07-26 17:32:27.179711
Gulf of Boothia,break-up,2012,90,2012-06-08 03:55:41.007194
Gulf of Boothia,freeze-up,2012,10,2012-10-10 15:53:11.734742
Gulf of Boothia,freeze-up,2012,50,2012-10-22 15:21:07.167235
Gulf of Boothia,freeze-up,2012,90,2012-11-20 10:18:18.947368
Gulf of Boothia,break-up,2013,10,
Gulf of Boothia,break-up,2013,50,2013-08-01 20:17:00.351624
Gulf of Boothia,break-up,2013,90,2013-06-10 22:43:46.843100
Gulf of Boothia,freeze-up,2013,10,2013-09-16 00:00:00.000000
Gulf of Boothia,freeze-up,2013,50,2013-10-07 11:11:59.494648
Gulf of Boothia,freeze-up,2013,90,2013-11-14 20:08:32.800769
Gulf of Boothia,break-up,2014,10,2014-09-12 15:28:00.000000
Gulf of Boothia,break-up,2014,50,2014-08-04 07:54:35.100725
Gulf of Boothia,break-up,2014,90,2014-06-04 10:00:25.441696
Gulf of Boothia,freeze-up,2014,10,2014-09-25 01:38:58.076083
Gulf of Boothia,freeze-up,2014,50,2014-10-04 01:55:09.481737
Gulf of Boothia,freeze-up,2014,90,2014-11-16 23:49:29.711117
Gulf of Boothia,break-up,2015,10,
Gulf of Boothia,break-up,2015,50,2015-08-03 19:04:53.333333
Gulf of Boothia,break-up,2015,90,2015-06-10 21:20:10.933940
Gulf of Boothia,freeze-up,2015,10,2015-10-06 23:10:03.763759
Gulf of Boothia,freeze-up,2015,50,2015-10-17 10:04:22.021772
Gulf of Boothia,freeze-up,2015,90,2015-11-04 03:35:06.374921
Gulf of Boothia,break-up,2016,10,2016-08-21 02:46:38.947922
Gulf of Boothia,break-up,2016,50,2016-07-18 11:37:20.473011
Gulf of Boothia,break-up,2016,90,2016-06-08 06:48:01.349578
Gulf of Boothia,freeze-up,2016,10,2016-10-09 19:07:39.183673
Gulf of Boothia,freeze-up,2016,50,2016-10-22 14:31:22.107389
Gulf of Boothia,freeze-up,2016,90,2016-11-17 16:42:56.357827
Gulf of Boothia,break-up,2017,10,2017-09-01 22:59:06.268656
Gulf of Boothia,break-up,2017,50,2017-07-21 23:38:12.035093
Gulf of Boothia,break-up,2017,90,2017-06-12 21:59:45.628742
Gulf of Boothia,freeze-up,2017,10,2017-10-04 10:16:29.320259
Gulf of Boothia,freeze-up,2017,50,2017-10-15 17:02:27.553538
Gulf of Boothia,freeze-up,2017,90,2017-11-05 18:34:29.908443
Gulf of Boothia,break-up,2018,10,
Gulf of Boothia,break-up,2018,50,2018-07-26 20:15:37.135189
Gulf of Boothia,break-up,2018,90,2018-06-11 12:55:59.647835
Gulf of Boothia,freeze-up,2018,10,2018-09-16 00:00:00.000000
Gulf of Boothia,freeze-up,2018,50,2018-10-10 17:54:45.722946
Gulf of Boothia,freeze-up,2018,90,2018-10-26 02:44:24.099037
Gulf of Boothia,break-up,2019,10,2019-08-16 10:45:35.664335
Gulf of Boothia,break-up,2019,50,2019-07-25 05:43:49.007633
Gulf of Boothia,break-up,2019,90,2019-06-07 19:21:54.749573
Gulf of Boothia,freeze-up,2019,10,2019-10-14 15:01:05.191146
Gulf of Boothia,freeze-up,2019,50,2019-11-01 15:44:55.032747
Gulf of Boothia,freeze-up,2019,90,2019-11-22 21:48:13.090909
Gulf of Boothia,break-up,2020,10,2020-08-17 02:10:31.511596
Gulf of Boothia,break-up,2020,50,2020-07-19 10:19:07.624789
Gulf of Boothia,break-up,2020,90,2020-06-10 07:15:48.035190
Gulf of Boothia,freeze-up,2020,10,2020-10-21 12:14:41.136587
Gulf of Boothia,freeze-up,2020,50,2020-10-29 06:49:20.924979
Gulf of Boothia,freeze-up,2020,90,2020-11-18 23:19:23.771005
Gulf of Boothia,break-up,2021,10,
Gulf of Boothia,break-up,2021,50,2021-07-27 01:14:56.555946
Gulf of Boothia,break-up,2021,90,2021-06-14 11:08:35.199999
Gulf of Boothia,freeze-up,2021,10,2021-09-16 00:00:00.000000
Gulf of Boothia,freeze-up,2021,50,2021-11-03 23:58:39.510917
Gulf of Boothia,freeze-up,2021,90,2021-11-29 16:14:41.793329
Gulf of Boothia,break-up,2022,10,2022-08-21 23:54:11.396648
Gulf of Boothia,break-up,2022,50,2022-07-28 00:23:59.143367
Gulf of Boothia,break-up,2022,90,2022-06-15 06:10:28.483920
Gulf of Boothia,freeze-up,2022,10,2022-10-17 16:42:17.269372
Gulf of Boothia,freeze-up,2022,50,2022-10-25 10:21:10.200343
Gulf of Boothia,freeze-up,2022,90,2022-11-16 08:38:03.243243
Gulf of Boothia,break-up,2023,10,2023-08-29 00:40:36.923076
Gulf of Boothia,break-up,2023,50,2023-07-23 03:57:03.041474
Gulf of Boothia,break-up,2023,90,2023-05-23 20:40:29.840142
Gulf of Boothia,freeze-up,2023,10,2023-10-23 19:40:25.948245
Gulf of Boothia,freeze-up,2023,50,2023-11-05 13:26:33.308760
Gulf of Boothia,freeze-up,2023,90,2023-12-14 05:22:15.773710
Gulf of Boothia,break-up,2024,10,2024-09-07 07:17:48.009295
Gulf of Boothia,break-up,2024,50,2024-07-18 23:43:18.260869
Gulf of Boothia,break-up,2024,90,2024-06-15 00:57:38.991560
Gulf of Boothia,freeze-up,2024,10,2024-11-01 15:04:12.650281
Gulf of Boothia,freeze-up,2024,50,2024-11-08 15:15:56.493702
Gulf of Boothia,freeze-up,2024,90,2024-12-01 07:52:24.358208
Gulf of Boothia,break-up,2025,10,2025-08-25 10:37:57.661169
Gulf of Boothia,break-up,2025,50,2025-07-13 07:07:12.146490
Gulf of Boothia,break-up,2025,90,2025-05-27 08:15:54.866310
Gulf of Boothia,freeze-up,2025,10,2025-11-01 07:05:36.945812
Gulf of Boothia,freeze-up,2025,50,2025-11-19 01:38:03.800904
Gulf of Boothia,freeze-up,2025,90,2025-12-11 15:32:00.302648
Gulf of Boothia,break-up,2026,10,2026-08-01 21:19:59.999999
Gulf of Boothia,break-up,2026,50,2026-07-15 05:45:57.446808
Gulf of Boothia,break-up,2026,90,2026-06-08 02:47:29.967748
Hudson Bay,freeze-up,1978,10,1978-10-27 21:01:33.438040
Hudson Bay,freeze-up,1978,50,1978-11-17 15:08:27.395172
Hudson Bay,freeze-up,1978,90,1978-12-03 17:40:41.514527
Hudson Bay,break-up,1979,10,1979-07-09 06:22:35.777151
Hudson Bay,break-up,1979,50,1979-06-22 23:10:09.685484
Hudson Bay,break-up,1979,90,1979-03-21 10:15:55.056458
Hudson Bay,freeze-up,1979,10,1979-11-08 14:56:29.131859
Hudson Bay,freeze-up,1979,50,1979-12-04 18:05:54.708848
Hudson Bay,freeze-up,1979,90,1979-12-17 18:33:19.671764
Hudson Bay,break-up,1980,10,1980-07-11 12:10:08.191126
Hudson Bay,break-up,1980,50,1980-06-21 19:23:09.923043
Hudson Bay,break-up,1980,90,1980-04-19 03:01:52.642643
Hudson Bay,freeze-up,1980,10,1980-11-16 14:10:39.818258
Hudson Bay,freeze-up,1980,50,1980-11-27 09:19:26.770475
Hudson Bay,freeze-up,1980,90,1980-12-14 16:10:08.428787
Hudson Bay,break-up,1981,10,1981-07-17 18:50:32.603884
Hudson Bay,break-up,1981,50,1981-06-27 18:10:07.093158
Hudson Bay,break-up,1981,90,1981-05-19 01:56:12.460496
Hudson Bay,freeze-up,1981,10,1981-11-17 23:09:17.593803
Hudson Bay,freeze-up,1981,50,1981-12-11 05:10:03.062301
Hudson Bay,freeze-up,1981,90,1981-12-27 22:27:33.296964
Hudson Bay,break-up,1982,10,1982-07-17 07:19:45.184935
Hudson Bay,break-up,1982,50,1982-06-25 18:24:03.581121
Hudson Bay,break-up,1982,90,1982-05-02 20:22:23.276022
Hudson Bay,freeze-up,1982,10,1982-11-11 11:18:11.006981
Hudson Bay,freeze-up,1982,50,1982-11-25 13:53:30.255345
Hudson Bay,freeze-up,1982,90,1982-12-12 12:53:49.501725
Hudson Bay,break-up,1983,10,1983-07-21 23:36:13.431161
Hudson Bay,break-up,1983,50,1983-06-30 20:19:08.902029
Hudson Bay,break-up,1983,90,1983-05-11 02:57:03.465310
Hudson Bay,freeze-up,1983,10,1983-11-13 12:38:35.501839
Hudson Bay,freeze-up,1983,50,1983-12-02 17:10:51.033577
Hudson Bay,freeze-up,1983,90,1983-12-13 23:41:52.733013
Hudson Bay,break-up,1984,10,1984-07-13 03:58:45.375456
Hudson Bay,break-up,1984,50,1984-06-21 16:36:39.026248
Hudson Bay,break-up,1984,90,1984-04-12 19:47:46.653204
Hudson Bay,freeze-up,1984,10,1984-11-06 20:06:43.868003
Hudson Bay,freeze-up,1984,50,1984-11-29 10:54:50.579149
Hudson Bay,freeze-up,1984,90,1984-12-18 21:18:10.139558
Hudson Bay,break-up,1985,10,1985-07-23 15:37:38.476158
Hudson Bay,break-up,1985,50,1985-06-22 21:28:25.656703
Hudson Bay,break-up,1985,90,1985-04-22 13:05:06.848003
Hudson Bay,freeze-up,1985,10,1985-11-10 12:39:47.119856
Hudson Bay,freeze-up,1985,50,1985-11-24 05:45:12.811409
Hudson Bay,freeze-up,1985,90,1985-12-10 22:15:59.487527
Hudson Bay,break-up,1986,10,1986-07-17 23:00:51.372477
Hudson Bay,break-up,1986,50,1986-06-27 05:06:54.832112
Hudson Bay,break-up,1986,90,1986-05-09 09:05:13.710302
Hudson Bay,freeze-up,1986,10,1986-11-02 11:38:29.367294
Hudson Bay,freeze-up,1986,50,1986-11-12 23:48:52.981401
Hudson Bay,freeze-up,1986,90,1986-12-08 21:30:45.091119
Hudson Bay,break-up,1987,10,1987-07-16 09:10:48.662706
Hudson Bay,break-up,1987,50,1987-06-28 09:42:51.677982
Hudson Bay,break-up,1987,90,1987-04-15 01:02:12.189592
Hudson Bay,freeze-up,1987,10,
Hudson Bay,freeze-up,1987,50,
Hudson Bay,freeze-up,1987,90,1988-01-06 11:35:02.278206
Hudson Bay,break-up,1988,10,1988-07-13 22:41:27.445649
Hudson Bay,break-up,1988,50,1988-06-22 03:27:01.873625
Hudson Bay,break-up,1988,90,1988-04-19 02:39:52.669517
Hudson Bay,freeze-up,1988,10,1988-11-17 20:26:35.929400
Hudson Bay,freeze-up,1988,50,1988-12-05 13:44:08.327508
Hudson Bay,freeze-up,1988,90,1988-12-19 01:09:45.075101
Hudson Bay,break-up,1989,10,1989-07-14 22:47:47.840872
Hudson Bay,break-up,1989,50,1989-06-21 19:59:44.816990
Hudson Bay,break-up,1989,90,1989-05-14 13:57:36.550218
Hudson Bay,freeze-up,1989,10,1989-11-15 10:25:56.603367
Hudson Bay,freeze-up,1989,50,1989-11-24 11:42:04.428038
Hudson Bay,freeze-up,1989,90,1989-12-09 17:13:59.260483
Hudson Bay,break-up,1990,10,1990-07-17 05:53:58.721136
Hudson Bay,break-up,1990,50,1990-06-23 05:34:56.085482
Hudson Bay,break-up,1990,90,1990-03-16 00:00:00.000000
Hudson Bay,freeze-up,1990,10,1990-11-14 00:30:12.416907
Hudson Bay,freeze-up,1990,50,1990-12-04 18:08:50.686814
Hudson Bay,freeze-up,1990,90,1990-12-14 22:15:45.888627
Hudson Bay,break-up,1991,10,1991-07-05 09:25:19.814138
Hudson Bay,break-up,1991,50,1991-06-19 01:46:38.596060
Hudson Bay,break-up,1991,90,1991-04-30 02:53:50.671825
Hudson Bay,freeze-up,1991,10,1991-11-06 19:14:08.857518
Hudson Bay,freeze-up,1991,50,1991-11-29 05:06:10.244246
Hudson Bay,freeze-up,1991,90,1991-12-11 17:14:30.051554
Hudson Bay,break-up,1992,10,1992-08-05 09:17:45.342927
Hudson Bay,break-up,1992,50,1992-07-07 12:05:30.745649
Hudson Bay,break-up,1992,90,1992-05-07 06:07:57.863156
Hudson Bay,freeze-up,1992,10,1992-11-12 04:19:19.679777
Hudson Bay,freeze-up,1992,50,1992-11-21 22:28:07.623220
Hudson Bay,freeze-up,1992,90,1992-12-19 14:11:10.776844
Hudson Bay,break-up,1993,10,1993-07-07 12:13:32.624265
Hudson Bay,break-up,1993,50,1993-06-19 18:04:29.100867
Hudson Bay,break-up,1993,90,1993-05-04 19:20:16.841196
Hudson Bay,freeze-up,1993,10,1993-11-03 21:18:50.777610
Hudson Bay,freeze-up,1993,50,1993-11-19 09:07:03.430335
Hudson Bay,freeze-up,1993,90,1993-12-20 07:38:02.347395
Hudson Bay,break-up,1994,10,1994-07-19 02:08:32.331081
Hudson Bay,break-up,1994,50,1994-06-25 08:56:24.183923
Hudson Bay,break-up,1994,90,1994-05-07 14:08:37.547568
Hudson Bay,freeze-up,1994,10,1994-11-24 09:35:01.418692
Hudson Bay,freeze-up,1994,50,1994-12-07 06:25:37.450664
Hudson Bay,freeze-up,1994,90,1995-01-04 06:38:34.762473
Hudson Bay,break-up,1995,10,1995-07-11 13:46:50.029767
Hudson Bay,break-up,1995,50,1995-06-16 18:43:50.921052
Hudson Bay,break-up,1995,90,1995-04-24 04:24:55.496957
Hudson Bay,freeze-up,1995,10,1995-11-16 23:14:02.118076
Hudson Bay,freeze-up,1995,50,1995-11-27 05:45:15.505099
Hudson Bay,freeze-up,1995,90,1995-12-25 05:49:25.873177
Hudson Bay,break-up,1996,10,1996-07-15 19:31:18.875858
Hudson Bay,break-up,1996,50,1996-06-26 15:12:57.637404
Hudson Bay,break-up,1996,90,1996-04-21 03:56:08.822205
Hudson Bay,freeze-up,1996,10,1996-11-22 19:05:48.083213
Hudson Bay,freeze-up,1996,50,1996-12-10 09:49:39.712880
Hudson Bay,freeze-up,1996,90,1996-12-24 19:20:19.573079
Hudson Bay,break-up,1997,10,1997-07-11 23:38:08.988722
Hudson Bay,break-up,1997,50,1997-06-18 08:24:08.930288
Hudson Bay,break-up,1997,90,1997-05-08 15:10:25.111308
Hudson Bay,freeze-up,1997,10,1997-11-18 03:20:17.917485
Hudson Bay,freeze-up,1997,50,1997-12-02 19:02:58.620102
Hudson Bay,freeze-up,1997,90,1997-12-23 16:05:48.077224
Hudson Bay,break-up,1998,10,1998-06-25 14:08:44.816801
Hudson Bay,break-up,1998,50,1998-06-07 07:40:07.233862
Hudson Bay,break-up,1998,90,1998-04-11 00:54:48.467201
Hudson Bay,freeze-up,1998,10,1998-12-06 04:11:08.588669
Hudson Bay,freeze-up,1998,50,1998-12-19 22:18:03.222967
Hudson Bay,freeze-up,1998,90,1998-12-30 15:08:02.987551
Hudson Bay,break-up,1999,10,1999-06-20 16:46:40.937395
Hudson Bay,break-up,1999,50,1999-06-05 11:00:25.104602
Hudson Bay,break-up,1999,90,1999-04-11 10:14:00.542986
Hudson Bay,freeze-up,1999,10,1999-11-22 11:48:24.766989
Hudson Bay,freeze-up,1999,50,1999-12-16 08:05:53.984778
Hudson Bay,freeze-up,1999,90,2000-01-04 19:40:54.519514
Hudson Bay,break-up,2000,10,2000-07-21 12:34:08.648976
Hudson Bay,break-up,2000,50,2000-06-18 10:34:23.031175
Hudson Bay,break-up,2000,90,2000-03-17 06:48:17.407718
Hudson Bay,freeze-up,2000,10,2000-11-17 13:20:38.424555
Hudson Bay,freeze-up,2000,50,2000-12-06 04:50:01.722372
Hudson Bay,freeze-up,2000,90,2000-12-21 06:10:12.793876
Hudson Bay,break-up,2001,10,2001-06-24 03:38:38.568518
Hudson Bay,break-up,2001,50,2001-06-07 18:20:20.501708
Hudson Bay,break-up,2001,90,2001-04-23 18:34:47.377521
Hudson Bay,freeze-up,2001,10,2001-11-21 21:36:13.556693
Hudson Bay,freeze-up,2001,50,2001-12-10 10:13:53.997702
Hudson Bay,freeze-up,2001,90,2002-01-10 07:57:06.354176
Hudson Bay,break-up,2002,10,2002-07-12 00:30:28.588798
Hudson Bay,break-up,2002,50,2002-06-21 23:54:58.146914
Hudson Bay,break-up,2002,90,2002-04-14 17:09:43.352762
Hudson Bay,freeze-up,2002,10,2002-11-16 06:54:56.659793
Hudson Bay,freeze-up,2002,50,2002-11-29 03:18:57.587660
Hudson Bay,freeze-up,2002,90,2002-12-31 05:38:15.488540
Hudson Bay,break-up,2003,10,2003-07-10 10:35:15.020186
Hudson Bay,break-up,2003,50,2003-06-17 14:32:18.644366
Hudson Bay,break-up,2003,90,2003-04-27 10:15:43.524307
Hudson Bay,freeze-up,2003,10,2003-11-25 13:00:05.318073
Hudson Bay,freeze-up,2003,50,2003-12-10 23:41:53.484408
Hudson Bay,freeze-up,2003,90,2004-01-02 06:18:17.884560
Hudson Bay,break-up,2004,10,2004-07-25 18:09:48.253719
Hudson Bay,break-up,2004,50,2004-06-29 10:28:44.564086
Hudson Bay,break-up,2004,90,2004-03-27 22:16:08.606631
Hudson Bay,freeze-up,2004,10,2004-11-18 00:26:35.570294
Hudson Bay,freeze-up,2004,50,2004-12-01 10:22:26.759626
Hudson Bay,freeze-up,2004,90,2004-12-15 22:11:37.180327
Hudson Bay,break-up,2005,10,2005-07-03 02:52:07.426364
Hudson Bay,break-up,2005,50,2005-06-12 12:17:42.326336
Hudson Bay,break-up,2005,90,2005-03-29 08:31:00.145603
Hudson Bay,freeze-up,2005,10,2005-11-22 21:21:17.097086
Hudson Bay,freeze-up,2005,50,2005-12-08 09:36:01.686841
Hudson Bay,freeze-up,2005,90,2005-12-24 03:07:52.398190
Hudson Bay,break-up,2006,10,2006-06-28 12:38:41.523270
Hudson Bay,break-up,2006,50,2006-06-09 05:25:19.399593
Hudson Bay,break-up,2006,90,2006-04-12 01:18:22.816901
Hudson Bay,freeze-up,2006,10,2006-11-29 18:22:14.046822
Hudson Bay,freeze-up,2006,50,2006-12-09 14:43:18.220127
Hudson Bay,freeze-up,2006,90,2007-01-09 22:03:33.338225
Hudson Bay,break-up,2007,10,2007-07-03 01:31:16.181955
Hudson Bay,break-up,2007,50,2007-06-14 15:04:00.119239
Hudson Bay,break-up,2007,90,2007-03-25 10:31:29.907225
Hudson Bay,freeze-up,2007,10,2007-11-19 17:43:23.076923
Hudson Bay,freeze-up,2007,50,2007-12-04 16:21:40.454603
Hudson Bay,freeze-up,2007,90,2007-12-15 21:08:05.674547
Hudson Bay,break-up,2008,10,2008-07-12 22:11:58.858954
Hudson Bay,break-up,2008,50,2008-06-13 09:29:39.787556
Hudson Bay,break-up,2008,90,2008-04-22 07:09:02.852988
Hudson Bay,freeze-up,2008,10,2008-11-22 07:52:51.683521
Hudson Bay,freeze-up,2008,50,2008-12-07 21:27:39.165349
Hudson Bay,freeze-up,2008,90,2008-12-17 09:56:25.108578
Hudson Bay,break-up,2009,10,2009-07-20 10:29:14.264794
Hudson Bay,break-up,2009,50,2009-06-26 22:51:11.829484
Hudson Bay,break-up,2009,90,2009-05-06 11:01:58.909739
Hudson Bay,freeze-up,2009,10,2009-12-01 08:55:19.710782
Hudson Bay,freeze-up,2009,50,2009-12-13 12:17:39.482071
Hudson Bay,freeze-up,2009,90,2010-01-01 00:49:44.176764
Hudson Bay,break-up,2010,10,2010-06-25 13:44:28.085810
Hudson Bay,break-up,2010,50,2010-06-09 09:06:23.737740
Hudson Bay,break-up,2010,90,2010-03-16 00:00:00.000000
Hudson Bay,freeze-up,2010,10,2010-12-01 19:49:13.522418
Hudson Bay,freeze-up,2010,50,2010-12-25 13:10:51.325697
Hudson Bay,freeze-up,2010,90,2011-01-22 16:13:18.762907
Hudson Bay,break-up,2011,10,2011-07-04 07:41:38.652291
Hudson Bay,break-up,2011,50,2011-06-12 11:37:25.507803
Hudson Bay,break-up,2011,90,2011-04-29 13:50:11.724951
Hudson Bay,freeze-up,2011,10,2011-12-01 06:17:39.632339
Hudson Bay,freeze-up,2011,50,2011-12-09 23:23:12.756326
Hudson Bay,freeze-up,2011,90,2011-12-27 14:54:17.252396
Hudson Bay,break-up,2012,10,2012-07-03 14:08:08.055281
Hudson Bay,break-up,2012,50,2012-06-13 12:22:46.516036
Hudson Bay,break-up,2012,90,2012-03-17 22:33:12.151646
Hudson Bay,freeze-up,2012,10,2012-11-24 02:26:38.739501
Hudson Bay,freeze-up,2012,50,2012-12-06 11:24:27.387181
Hudson Bay,freeze-up,2012,90,2012-12-29 01:37:15.967434
Hudson Bay,break-up,2013,10,2013-07-03 19:15:37.197087
Hudson Bay,break-up,2013,50,2013-06-18 04:10:32.515687
Hudson Bay,break-up,2013,90,2013-04-28 01:13:39.687295
Hudson Bay,freeze-up,2013,10,2013-11-19 19:59:18.220978
Hudson Bay,freeze-up,2013,50,2013-12-03 22:33:02.389937
Hudson Bay,freeze-up,2013,90,2013-12-17 16:25:56.451798
Hudson Bay,break-up,2014,10,2014-07-03 11:07:25.832435
Hudson Bay,break-up,2014,50,2014-06-14 09:53:27.055842
Hudson Bay,break-up,2014,90,2014-05-06 10:02:17.675982
Hudson Bay,freeze-up,2014,10,2014-11-19 20:41:59.835841
Hudson Bay,freeze-up,2014,50,2014-11-29 22:49:54.402604
Hudson Bay,freeze-up,2014,90,2015-01-01 12:47:06.337750
Hudson Bay,break-up,2015,10,2015-07-17 23:07:15.353106
Hudson Bay,break-up,2015,50,2015-06-16 15:57:15.766698
Hudson Bay,break-up,2015,90,2015-03-16 21:39:21.403634
Hudson Bay,freeze-up,2015,10,2015-11-20 15:30:04.534005
Hudson Bay,freeze-up,2015,50,2015-12-11 18:41:23.174729
Hudson Bay,freeze-up,2015,90,2016-01-05 08:22:02.245322
Hudson Bay,break-up,2016,10,2016-07-11 01:06:47.544347
Hudson Bay,break-up,2016,50,2016-06-16 08:43:14.239264
Hudson Bay,break-up,2016,90,2016-03-16 00:00:00.000000
Hudson Bay,freeze-up,2016,10,2016-12-06 14:55:34.497273
Hudson Bay,freeze-up,2016,50,2016-12-15 09:21:00.324035
Hudson Bay,freeze-up,2016,90,2016-12-31 15:22:46.992457
Hudson Bay,break-up,2017,10,2017-06-29 00:53:27.084154
Hudson Bay,break-up,2017,50,2017-06-07 21:28:23.266596
Hudson Bay,break-up,2017,90,2017-03-18 21:16:52.449858
Hudson Bay,freeze-up,2017,10,2017-11-20 07:37:27.127904
Hudson Bay,freeze-up,2017,50,2017-12-04 02:59:34.381565
Hudson Bay,freeze-up,2017,90,2017-12-22 22:31:56.680342
Hudson Bay,break-up,2018,10,2018-07-14 14:16:37.827513
Hudson Bay,break-up,2018,50,2018-06-21 21:26:14.992110
Hudson Bay,break-up,2018,90,2018-05-04 02:25:52.775164
Hudson Bay,freeze-up,2018,10,2018-11-15 10:55:49.508196
Hudson Bay,freeze-up,2018,50,2018-12-02 04:05:17.491715
Hudson Bay,freeze-up,2018,90,2018-12-24 18:45:50.730688
Hudson Bay,break-up,2019,10,2019-07-13 10:04:09.132515
Hudson Bay,break-up,2019,50,2019-06-21 04:05:34.961102
Hudson Bay,break-up,2019,90,2019-04-21 00:42:54.087752
Hudson Bay,freeze-up,2019,10,2019-11-24 18:01:43.427419
Hudson Bay,freeze-up,2019,50,2019-12-07 07:55:35.701338
Hudson Bay,freeze-up,2019,90,2019-12-20 07:58:09.456639
Hudson Bay,break-up,2020,10,2020-07-11 14:43:23.382352
Hudson Bay,break-up,2020,50,2020-06-19 02:15:36.178296
Hudson Bay,break-up,2020,90,2020-05-05 13:19:01.534713
Hudson Bay,freeze-up,2020,10,2020-11-17 15:40:29.812630
Hudson Bay,freeze-up,2020,50,2020-12-04 09:05:50.225949
Hudson Bay,freeze-up,2020,90,2020-12-31 01:38:34.309468
Hudson Bay,break-up,2021,10,2021-07-04 06:03:07.506926
Hudson Bay,break-up,2021,50,2021-06-15 21:07:36.763369
Hudson Bay,break-up,2021,90,2021-04-07 12:49:54.425560
Hudson Bay,freeze-up,2021,10,2021-12-03 19:16:32.221960
Hudson Bay,freeze-up,2021,50,2021-12-18 09:40:29.117453
Hudson Bay,freeze-up,2021,90,2021-12-31 14:51:52.481927
Hudson Bay,break-up,2022,10,2022-07-07 23:43:18.300643
Hudson Bay,break-up,2022,50,2022-06-10 16:32:36.755788
Hudson Bay,break-up,2022,90,2022-04-30 08:22:53.825434
Hudson Bay,freeze-up,2022,10,2022-11-21 21:41:29.724381
Hudson Bay,freeze-up,2022,50,2022-12-07 17:17:37.679251
Hudson Bay,freeze-up,2022,90,2023-01-03 05:42:27.368421
Hudson Bay,break-up,2023,10,2023-06-26 07:35:23.358578
Hudson Bay,break-up,2023,50,2023-06-08 00:23:16.598753
Hudson Bay,break-up,2023,90,2023-04-29 20:40:32.776077
Hudson Bay,freeze-up,2023,10,2023-11-28 20:26:30.186026
Hudson Bay,freeze-up,2023,50,2023-12-17 21:13:31.050535
Hudson Bay,freeze-up,2023,90,2024-01-06 19:37:22.034324
Hudson Bay,break-up,2024,10,2024-07-04 18:06:50.865445
Hudson Bay,break-up,2024,50,2024-06-02 02:34:05.158893
Hudson Bay,break-up,2024,90,2024-04-12 19:27:12.298136
Hudson Bay,freeze-up,2024,10,2024-12-04 11:38:08.535109
Hudson Bay,freeze-up,2024,50,2025-01-03 11:27:40.278016
Hudson Bay,freeze-up,2024,90,2025-01-23 19:48:02.219938
Hudson Bay,break-up,2025,10,2025-06-27 11:11:47.285050
Hudson Bay,break-up,2025,50,2025-06-10 01:43:03.793803
Hudson Bay,break-up,2025,90,2025-03-16 11:52:58.679026
Hudson Bay,freeze-up,2025,10,2025-12-06 20:20:50.976716
Hudson Bay,freeze-up,2025,50,2025-12-18 06:01:52.737974
Hudson Bay,freeze-up,2025,90,2026-01-08 09:34:47.524934
Hudson Bay,break-up,2026,10,2026-06-28 18:31:17.882990
Hudson Bay,break-up,2026,50,2026-06-08 22:52:01.910878
Hudson Bay,break-up,2026,90,2026-04-26 19:59:30.660893
Hudson Bay Area,freeze-up,1978,10,1978-10-26 00:00:00.000000
Hudson Bay Area,freeze-up,1978,50,1978-11-14 21:12:51.044151
Hudson Bay Area,freeze-up,1978,90,1978-12-07 08:42:24.768806
Hudson Bay Area,break-up,1979,10,1979-08-17 00:36:48.289708
Hudson Bay Area,break-up,1979,50,1979-06-27 21:48:28.663717
Hudson Bay Area,break-up,1979,90,1979-03-24 14:12:50.991996
Hudson Bay Area,freeze-up,1979,10,1979-10-18 05:35:11.282874
Hudson Bay Area,freeze-up,1979,50,1979-12-02 13:10:05.336748
Hudson Bay Area,freeze-up,1979,90,1980-01-05 05:12:57.088626
Hudson Bay Area,break-up,1980,10,1980-08-07 02:36:44.215414
Hudson Bay Area,break-up,1980,50,1980-06-25 16:48:58.105824
Hudson Bay Area,break-up,1980,90,1980-05-01 17:54:06.980609
Hudson Bay Area,freeze-up,1980,10,1980-10-25 19:52:07.726358
Hudson Bay Area,freeze-up,1980,50,1980-11-26 13:58:54.762535
Hudson Bay Area,freeze-up,1980,90,1980-12-21 20:43:26.528189
Hudson Bay Area,break-up,1981,10,1981-07-29 19:35:45.513913
Hudson Bay Area,break-up,1981,50,1981-06-28 18:25:04.878278
Hudson Bay Area,break-up,1981,90,1981-05-16 18:40:09.497897
Hudson Bay Area,freeze-up,1981,10,1981-11-06 02:02:24.966442
Hudson Bay Area,freeze-up,1981,50,1981-12-08 19:48:17.243196
Hudson Bay Area,freeze-up,1981,90,1981-12-29 18:50:22.186198
Hudson Bay Area,break-up,1982,10,1982-08-04 05:55:21.523781
Hudson Bay Area,break-up,1982,50,1982-06-30 15:02:40.348220
Hudson Bay Area,break-up,1982,90,1982-05-03 10:16:48.988266
Hudson Bay Area,freeze-up,1982,10,1982-10-22 04:34:34.300287
Hudson Bay Area,freeze-up,1982,50,1982-11-23 00:32:47.007342
Hudson Bay Area,freeze-up,1982,90,1982-12-12 04:12:54.474126
Hudson Bay Area,break-up,1983,10,1983-08-24 19:23:43.643949
Hudson Bay Area,break-up,1983,50,1983-07-07 02:07:27.093525
Hudson Bay Area,break-up,1983,90,1983-05-20 09:15:59.625608
Hudson Bay Area,freeze-up,1983,10,1983-10-15 12:41:31.224275
Hudson Bay Area,freeze-up,1983,50,1983-11-28 20:21:39.712671
Hudson Bay Area,freeze-up,1983,90,1983-12-14 02:29:19.161274
Hudson Bay Area,break-up,1984,10,1984-08-03 23:49:48.758703
Hudson Bay Area,break-up,1984,50,1984-06-27 23:07:10.391061
Hudson Bay Area,break-up,1984,90,1984-04-26 21:58:18.839169
Hudson Bay Area,freeze-up,1984,10,1984-10-26 10:01:52.458708
Hudson Bay Area,freeze-up,1984,50,1984-11-25 16:48:14.799588
Hudson Bay Area,freeze-up,1984,90,1984-12-18 07:00:26.195668
Hudson Bay Area,break-up,1985,10,1985-07-31 11:18:45.871839
Hudson Bay Area,break-up,1985,50,1985-06-29 06:55:09.955525
Hudson Bay Area,break-up,1985,90,1985-04-24 09:35:03.222363
Hudson Bay Area,freeze-up,1985,10,1985-11-01 17:54:36.789235
Hudson Bay Area,freeze-up,1985,50,1985-11-23 08:15:54.126351
Hudson Bay Area,freeze-up,1985,90,1985-12-26 17:46:22.303554
Hudson Bay Area,break-up,1986,10,1986-08-10 05:23:33.165214
Hudson Bay Area,break-up,1986,50,1986-06-28 14:07:31.333112
Hudson Bay Area,break-up,1986,90,1986-05-08 05:48:56.571934
Hudson Bay Area,freeze-up,1986,10,1986-10-11 12:13:17.578335
Hudson Bay Area,freeze-up,1986,50,1986-11-11 14:34:10.161923
Hudson Bay Area,freeze-up,1986,90,1986-12-08 19:45:38.292743
Hudson Bay Area,break-up,1987,10,1987-08-11 11:27:51.757794
Hudson Bay Area,break-up,1987,50,1987-07-03 16:33:43.081287
Hudson Bay Area,break-up,1987,90,1987-04-16 23:17:43.762089
Hudson Bay Area,freeze-up,1987,10,
Hudson Bay Area,freeze-up,1987,50,
Hudson Bay Area,freeze-up,1987,90,1988-01-04 18:52:39.981330
Hudson Bay Area,break-up,1988,10,1988-07-31 03:52:01.305148
Hudson Bay Area,break-up,1988,50,1988-06-27 09:10:43.818640
Hudson Bay Area,break-up,1988,90,1988-04-20 19:32:00.923722
Hudson Bay Area,freeze-up,1988,10,1988-11-02 15:56:43.593851
Hudson Bay Area,freeze-up,1988,50,1988-12-03 08:31:43.917819
Hudson Bay Area,freeze-up,1988,90,1988-12-19 07:09:05.430390
Hudson Bay Area,break-up,1989,10,1989-08-03 22:44:22.047070
Hudson Bay Area,break-up,1989,50,1989-06-27 07:55:55.820492
Hudson Bay Area,break-up,1989,90,1989-05-11 06:47:48.977937
Hudson Bay Area,freeze-up,1989,10,1989-10-21 13:03:51.063204
Hudson Bay Area,freeze-up,1989,50,1989-11-23 10:43:16.276413
Hudson Bay Area,freeze-up,1989,90,1989-12-11 04:12:33.361008
Hudson Bay Area,break-up,1990,10,1990-08-12 14:40:01.345970
Hudson Bay Area,break-up,1990,50,1990-06-30 20:59:43.655444
Hudson Bay Area,break-up,1990,90,1990-03-16 00:00:00.000000
Hudson Bay Area,freeze-up,1990,10,1990-10-15 03:23:19.608192
Hudson Bay Area,freeze-up,1990,50,1990-11-30 18:07:34.817541
Hudson Bay Area,freeze-up,1990,90,1990-12-14 18:23:48.259890
Hudson Bay Area,break-up,1991,10,1991-08-03 10:51:32.845371
Hudson Bay Area,break-up,1991,50,1991-06-23 21:05:53.582596
Hudson Bay Area,break-up,1991,90,1991-05-09 11:17:50.128145
Hudson Bay Area,freeze-up,1991,10,1991-10-25 06:08:07.130317
Hudson Bay Area,freeze-up,1991,50,1991-11-27 23:12:58.737716
Hudson Bay Area,freeze-up,1991,90,1991-12-14 11:38:57.955585
Hudson Bay Area,break-up,1992,10,1992-08-19 02:38:59.365966
Hudson Bay Area,break-up,1992,50,1992-07-11 00:09:47.371950
Hudson Bay Area,break-up,1992,90,1992-05-08 02:44:16.125990
Hudson Bay Area,freeze-up,1992,10,1992-10-27 13:35:42.973555
Hudson Bay Area,freeze-up,1992,50,1992-11-19 00:59:32.810246
Hudson Bay Area,freeze-up,1992,90,1992-12-19 02:55:45.879746
Hudson Bay Area,break-up,1993,10,1993-08-01 04:21:35.776239
Hudson Bay Area,break-up,1993,50,1993-06-24 00:48:11.347597
Hudson Bay Area,break-up,1993,90,1993-05-06 19:07:59.817918
Hudson Bay Area,freeze-up,1993,10,1993-10-29 17:09:44.139692
Hudson Bay Area,freeze-up,1993,50,1993-11-17 11:11:05.845355
Hudson Bay Area,freeze-up,1993,90,1993-12-20 05:15:45.980423
Hudson Bay Area,break-up,1994,10,1994-07-28 23:44:50.176467
Hudson Bay Area,break-up,1994,50,1994-06-28 00:43:49.159282
Hudson Bay Area,break-up,1994,90,1994-05-08 10:23:42.988283
Hudson Bay Area,freeze-up,1994,10,1994-11-06 09:17:26.711917
Hudson Bay Area,freeze-up,1994,50,1994-12-03 10:54:11.982947
Hudson Bay Area,freeze-up,1994,90,1995-01-04 11:00:00.778041
Hudson Bay Area,break-up,1995,10,1995-07-28 09:46:36.849812
Hudson Bay Area,break-up,1995,50,1995-06-19 12:46:39.196122
Hudson Bay Area,break-up,1995,90,1995-04-23 03:00:08.024316
Hudson Bay Area,freeze-up,1995,10,1995-11-04 09:41:52.331444
Hudson Bay Area,freeze-up,1995,50,1995-11-27 03:28:32.677303
Hudson Bay Area,freeze-up,1995,90,1995-12-26 23:48:54.474201
Hudson Bay Area,break-up,1996,10,1996-07-27 22:48:52.438907
Hudson Bay Area,break-up,1996,50,1996-06-29 11:51:57.682094
Hudson Bay Area,break-up,1996,90,1996-04-23 07:50:37.993950
Hudson Bay Area,freeze-up,1996,10,1996-11-06 11:29:36.849996
Hudson Bay Area,freeze-up,1996,50,1996-12-07 02:09:54.035332
Hudson Bay Area,freeze-up,1996,90,1996-12-26 04:47:49.032296
Hudson Bay Area,break-up,1997,10,1997-07-25 13:20:33.876803
Hudson Bay Area,break-up,1997,50,1997-06-23 06:05:32.585152
Hudson Bay Area,break-up,1997,90,1997-05-10 17:55:18.399274
Hudson Bay Area,freeze-up,1997,10,1997-10-23 10:46:18.400307
Hudson Bay Area,freeze-up,1997,50,1997-11-28 19:20:47.930495
Hudson Bay Area,freeze-up,1997,90,1997-12-26 15:32:41.223486
Hudson Bay Area,break-up,1998,10,1998-07-18 09:51:18.899946
Hudson Bay Area,break-up,1998,50,1998-06-10 14:03:14.694780
Hudson Bay Area,break-up,1998,90,1998-04-12 04:04:03.258440
Hudson Bay Area,freeze-up,1998,10,1998-11-13 01:42:25.837320
Hudson Bay Area,freeze-up,1998,50,1998-12-18 16:57:20.913229
Hudson Bay Area,freeze-up,1998,90,1999-01-09 02:50:28.732663
Hudson Bay Area,break-up,1999,10,1999-07-26 11:27:06.542180
Hudson Bay Area,break-up,1999,50,1999-06-10 07:22:18.204179
Hudson Bay Area,break-up,1999,90,1999-04-12 13:57:40.451501
Hudson Bay Area,freeze-up,1999,10,1999-10-29 10:00:51.798561
Hudson Bay Area,freeze-up,1999,50,1999-12-12 13:02:16.676337
Hudson Bay Area,freeze-up,1999,90,2000-01-04 06:42:00.301938
Hudson Bay Area,break-up,2000,10,2000-07-30 14:14:06.588525
Hudson Bay Area,break-up,2000,50,2000-06-22 00:19:01.530933
Hudson Bay Area,break-up,2000,90,2000-03-20 09:58:00.634920
Hudson Bay Area,freeze-up,2000,10,2000-11-01 17:02:34.549035
Hudson Bay Area,freeze-up,2000,50,2000-12-04 13:34:54.579179
Hudson Bay Area,freeze-up,2000,90,2000-12-27 09:31:17.412359
Hudson Bay Area,break-up,2001,10,2001-07-24 08:56:19.400260
Hudson Bay Area,break-up,2001,50,2001-06-11 07:48:40.615787
Hudson Bay Area,break-up,2001,90,2001-04-24 15:12:45.031982
Hudson Bay Area,freeze-up,2001,10,2001-11-08 15:31:38.257839
Hudson Bay Area,freeze-up,2001,50,2001-12-07 03:23:53.983286
Hudson Bay Area,freeze-up,2001,90,2002-01-10 06:55:49.231047
Hudson Bay Area,break-up,2002,10,2002-07-26 06:09:53.878027
Hudson Bay Area,break-up,2002,50,2002-06-25 09:27:59.635650
Hudson Bay Area,break-up,2002,90,2002-04-15 13:16:03.747394
Hudson Bay Area,freeze-up,2002,10,2002-11-11 23:56:44.678808
Hudson Bay Area,freeze-up,2002,50,2002-11-28 21:52:34.260742
Hudson Bay Area,freeze-up,2002,90,2003-01-15 09:43:09.702008
Hudson Bay Area,break-up,2003,10,2003-07-21 11:55:51.781199
Hudson Bay Area,break-up,2003,50,2003-06-18 16:57:03.751864
Hudson Bay Area,break-up,2003,90,2003-04-25 18:58:00.667236
Hudson Bay Area,freeze-up,2003,10,2003-11-15 06:45:39.195497
Hudson Bay Area,freeze-up,2003,50,2003-12-10 05:11:17.756578
Hudson Bay Area,freeze-up,2003,90,2004-01-03 16:10:24.274367
Hudson Bay Area,break-up,2004,10,2004-08-04 22:34:25.511142
Hudson Bay Area,break-up,2004,50,2004-06-29 07:39:41.267337
Hudson Bay Area,break-up,2004,90,2004-03-28 05:43:30.698210
Hudson Bay Area,freeze-up,2004,10,2004-11-02 01:42:50.148988
Hudson Bay Area,freeze-up,2004,50,2004-11-30 14:52:24.252431
Hudson Bay Area,freeze-up,2004,90,2004-12-17 21:01:10.068621
Hudson Bay Area,break-up,2005,10,2005-07-18 13:00:48.592364
Hudson Bay Area,break-up,2005,50,2005-06-15 02:16:59.740314
Hudson Bay Area,break-up,2005,90,2005-03-29 15:32:33.833296
Hudson Bay Area,freeze-up,2005,10,2005-11-08 17:06:28.119575
Hudson Bay Area,freeze-up,2005,50,2005-12-07 18:34:54.269553
Hudson Bay Area,freeze-up,2005,90,2005-12-26 15:22:34.703832
Hudson Bay Area,break-up,2006,10,2006-07-12 22:26:16.009445
Hudson Bay Area,break-up,2006,50,2006-06-10 06:53:38.275607
Hudson Bay Area,break-up,2006,90,2006-04-12 01:12:19.525112
Hudson Bay Area,freeze-up,2006,10,2006-11-21 16:05:32.997757
Hudson Bay Area,freeze-up,2006,50,2006-12-09 16:37:36.577370
Hudson Bay Area,freeze-up,2006,90,2007-01-11 06:01:22.740243
Hudson Bay Area,break-up,2007,10,2007-07-19 17:35:43.175783
Hudson Bay Area,break-up,2007,50,2007-06-16 17:19:48.199566
Hudson Bay Area,break-up,2007,90,2007-03-25 05:53:32.685569
Hudson Bay Area,freeze-up,2007,10,2007-11-06 01:42:00.436267
Hudson Bay Area,freeze-up,2007,50,2007-12-02 14:54:52.187548
Hudson Bay Area,freeze-up,2007,90,2007-12-26 08:16:08.326006
Hudson Bay Area,break-up,2008,10,2008-07-24 16:09:07.740763
Hudson Bay Area,break-up,2008,50,2008-06-17 00:50:26.890473
Hudson Bay Area,break-up,2008,90,2008-04-23 22:42:00.096852
Hudson Bay Area,freeze-up,2008,10,2008-11-02 08:26:51.235070
Hudson Bay Area,freeze-up,2008,50,2008-12-06 15:58:20.673057
Hudson Bay Area,freeze-up,2008,90,2008-12-18 20:10:23.883312
Hudson Bay Area,break-up,2009,10,2009-07-25 12:14:22.521391
Hudson Bay Area,break-up,2009,50,2009-06-27 11:03:45.956489
Hudson Bay Area,break-up,2009,90,2009-05-05 18:10:27.906976
Hudson Bay Area,freeze-up,2009,10,2009-10-30 06:06:20.362860
Hudson Bay Area,freeze-up,2009,50,2009-12-11 13:28:14.108386
Hudson Bay Area,freeze-up,2009,90,2010-01-09 17:33:16.827195
Hudson Bay Area,break-up,2010,10,2010-07-18 08:03:15.347358
Hudson Bay Area,break-up,2010,50,2010-06-12 03:24:25.665355
Hudson Bay Area,break-up,2010,90,2010-03-16 00:00:00.000000
Hudson Bay Area,freeze-up,2010,10,2010-11-28 00:38:56.223776
Hudson Bay Area,freeze-up,2010,50,2010-12-25 14:45:39.650124
Hudson Bay Area,freeze-up,2010,90,2011-01-30 21:22:21.789748
Hudson Bay Area,break-up,2011,10,2011-07-15 22:16:36.090225
Hudson Bay Area,break-up,2011,50,2011-06-12 23:35:47.625278
Hudson Bay Area,break-up,2011,90,2011-04-26 22:14:21.244019
Hudson Bay Area,freeze-up,2011,10,2011-11-10 02:04:38.796992
Hudson Bay Area,freeze-up,2011,50,2011-12-09 20:14:32.133131
Hudson Bay Area,freeze-up,2011,90,2012-01-02 03:39:29.023765
Hudson Bay Area,break-up,2012,10,2012-07-19 06:07:03.244470
Hudson Bay Area,break-up,2012,50,2012-06-14 11:53:01.027953
Hudson Bay Area,break-up,2012,90,2012-03-20 11:53:37.047391
Hudson Bay Area,freeze-up,2012,10,2012-11-10 04:44:19.142978
Hudson Bay Area,freeze-up,2012,50,2012-12-04 22:41:41.392379
Hudson Bay Area,freeze-up,2012,90,2012-12-31 04:57:10.310014
Hudson Bay Area,break-up,2013,10,2013-07-22 08:10:54.869006
Hudson Bay Area,break-up,2013,50,2013-06-19 17:44:30.781819
Hudson Bay Area,break-up,2013,90,2013-04-28 04:06:12.640395
Hudson Bay Area,freeze-up,2013,10,2013-11-04 13:27:37.663520
Hudson Bay Area,freeze-up,2013,50,2013-12-01 06:20:13.412686
Hudson Bay Area,freeze-up,2013,90,2013-12-19 08:13:03.637106
Hudson Bay Area,break-up,2014,10,2014-07-23 04:27:36.295191
Hudson Bay Area,break-up,2014,50,2014-06-18 01:13:40.747127
Hudson Bay Area,break-up,2014,90,2014-05-08 03:57:43.408002
Hudson Bay Area,freeze-up,2014,10,2014-11-02 20:54:08.820475
Hudson Bay Area,freeze-up,2014,50,2014-11-28 21:51:10.376727
Hudson Bay Area,freeze-up,2014,90,2015-01-01 20:47:55.676299
Hudson Bay Area,break-up,2015,10,2015-07-30 03:25:30.685791
Hudson Bay Area,break-up,2015,50,2015-06-21 06:40:20.173619
Hudson Bay Area,break-up,2015,90,2015-04-13 11:12:51.337418
Hudson Bay Area,freeze-up,2015,10,2015-10-28 08:20:54.725402
Hudson Bay Area,freeze-up,2015,50,2015-12-01 21:31:47.958533
Hudson Bay Area,freeze-up,2015,90,2016-01-04 10:08:54.114202
Hudson Bay Area,break-up,2016,10,2016-07-18 20:31:29.372754
Hudson Bay Area,break-up,2016,50,2016-06-18 11:23:16.290050
Hudson Bay Area,break-up,2016,90,2016-04-29 22:48:32.823693
Hudson Bay Area,freeze-up,2016,10,2016-11-07 15:45:58.219584
Hudson Bay Area,freeze-up,2016,50,2016-12-14 02:14:01.448358
Hudson Bay Area,freeze-up,2016,90,2017-01-04 10:23:46.184197
Hudson Bay Area,break-up,2017,10,2017-07-15 20:33:39.622101
Hudson Bay Area,break-up,2017,50,2017-06-12 22:40:57.449442
Hudson Bay Area,break-up,2017,90,2017-04-07 07:07:49.099032
Hudson Bay Area,freeze-up,2017,10,2017-11-02 14:06:49.570591
Hudson Bay Area,freeze-up,2017,50,2017-12-03 17:26:26.643801
Hudson Bay Area,freeze-up,2017,90,2017-12-24 12:41:08.968972
Hudson Bay Area,break-up,2018,10,2018-07-25 00:53:58.115689
Hudson Bay Area,break-up,2018,50,2018-06-23 23:46:08.721894
Hudson Bay Area,break-up,2018,90,2018-04-28 01:10:42.436266
Hudson Bay Area,freeze-up,2018,10,2018-10-23 13:23:58.069705
Hudson Bay Area,freeze-up,2018,50,2018-11-30 05:02:36.581501
Hudson Bay Area,freeze-up,2018,90,2018-12-27 20:16:08.213137
Hudson Bay Area,break-up,2019,10,2019-07-17 08:00:05.169164
Hudson Bay Area,break-up,2019,50,2019-06-20 09:32:11.499688
Hudson Bay Area,break-up,2019,90,2019-04-20 05:37:54.782994
Hudson Bay Area,freeze-up,2019,10,2019-11-14 21:16:48.664140
Hudson Bay Area,freeze-up,2019,50,2019-12-07 05:44:36.191159
Hudson Bay Area,freeze-up,2019,90,2020-01-06 16:53:52.561520
Hudson Bay Area,break-up,2020,10,2020-07-17 08:26:00.963383
Hudson Bay Area,break-up,2020,50,2020-06-20 04:28:58.511182
Hudson Bay Area,break-up,2020,90,2020-04-10 14:51:31.145410
Hudson Bay Area,freeze-up,2020,10,2020-11-08 12:54:04.974387
Hudson Bay Area,freeze-up,2020,50,2020-12-03 22:07:47.320240
Hudson Bay Area,freeze-up,2020,90,2021-01-02 09:47:10.162449
Hudson Bay Area,break-up,2021,10,2021-07-21 03:19:44.476067
Hudson Bay Area,break-up,2021,50,2021-06-17 17:42:31.387249
Hudson Bay Area,break-up,2021,90,2021-04-07 08:00:17.261548
Hudson Bay Area,freeze-up,2021,10,2021-11-18 12:23:46.584263
Hudson Bay Area,freeze-up,2021,50,2021-12-17 20:59:05.841082
Hudson Bay Area,freeze-up,2021,90,2022-01-08 05:05:33.266331
Hudson Bay Area,break-up,2022,10,2022-07-20 09:43:38.403120
Hudson Bay Area,break-up,2022,50,2022-06-13 08:50:56.844318
Hudson Bay Area,break-up,2022,90,2022-04-29 16:22:06.767275
Hudson Bay Area,freeze-up,2022,10,2022-11-06 14:36:44.587904
Hudson Bay Area,freeze-up,2022,50,2022-12-06 02:53:58.872867
Hudson Bay Area,freeze-up,2022,90,2023-01-03 23:06:25.246753
Hudson Bay Area,break-up,2023,10,2023-07-15 03:33:39.458802
Hudson Bay Area,break-up,2023,50,2023-06-09 19:30:11.962116
Hudson Bay Area,break-up,2023,90,2023-04-30 14:16:22.477186
Hudson Bay Area,freeze-up,2023,10,2023-11-18 18:51:19.712118
Hudson Bay Area,freeze-up,2023,50,2023-12-17 11:00:36.579646
Hudson Bay Area,freeze-up,2023,90,2024-01-21 07:25:14.439575
Hudson Bay Area,break-up,2024,10,2024-07-18 19:44:11.497005
Hudson Bay Area,break-up,2024,50,2024-06-06 19:26:33.344730
Hudson Bay Area,break-up,2024,90,2024-04-11 19:08:08.262977
Hudson Bay Area,freeze-up,2024,10,2024-11-26 22:10:16.425457
Hudson Bay Area,freeze-up,2024,50,2024-12-20 23:17:41.680751
Hudson Bay Area,freeze-up,2024,90,2025-01-27 16:29:54.088669
Hudson Bay Area,break-up,2025,10,2025-07-09 22:17:01.666472
Hudson Bay Area,break-up,2025,50,2025-06-10 17:57:25.718098
Hudson Bay Area,break-up,2025,90,2025-03-16 04:47:17.496583
Hudson Bay Area,freeze-up,2025,10,2025-11-29 00:49:39.853296
Hudson Bay Area,freeze-up,2025,50,2025-12-18 03:43:53.713751
Hudson Bay Area,freeze-up,2025,90,2026-01-16 13:50:13.189927
Hudson Bay Area,break-up,2026,10,2026-07-07 12:23:16.624253
Hudson Bay Area,break-up,2026,50,2026-06-09 15:33:13.561368
Hudson Bay Area,break-up,2026,90,2026-04-24 07:59:17.324301
Hudson Strait,freeze-up,1978,10,1978-11-04 02:33:48.062827
Hudson Strait,freeze-up,1978,50,1978-11-20 13:54:50.733590
Hudson Strait,freeze-up,1978,90,1979-01-07 11:50:10.775176
Hudson Strait,break-up,1979,10,1979-07-17 23:08:40.296065
Hudson Strait,break-up,1979,50,1979-06-28 12:32:28.184019
Hudson Strait,break-up,1979,90,1979-04-08 08:28:18.021893
Hudson Strait,freeze-up,1979,10,1979-11-20 21:54:23.482280
Hudson Strait,freeze-up,1979,50,1979-12-07 15:15:47.689699
Hudson Strait,freeze-up,1979,90,1980-02-06 18:39:33.539140
Hudson Strait,break-up,1980,10,1980-07-07 09:57:45.299412
Hudson Strait,break-up,1980,50,1980-06-17 01:01:01.306930
Hudson Strait,break-up,1980,90,1980-04-03 19:28:37.012671
Hudson Strait,freeze-up,1980,10,1980-11-30 02:11:51.396094
Hudson Strait,freeze-up,1980,50,1980-12-08 09:07:13.431987
Hudson Strait,freeze-up,1980,90,1981-01-26 11:18:45.436893
Hudson Strait,break-up,1981,10,1981-07-06 04:17:35.319148
Hudson Strait,break-up,1981,50,1981-06-16 21:52:14.243323
Hudson Strait,break-up,1981,90,1981-03-16 00:00:00.000000
Hudson Strait,freeze-up,1981,10,1981-11-27 11:17:58.544866
Hudson Strait,freeze-up,1981,50,1981-12-19 04:46:14.318024
Hudson Strait,freeze-up,1981,90,1982-02-01 02:18:26.033376
Hudson Strait,break-up,1982,10,1982-07-16 11:56:34.220387
Hudson Strait,break-up,1982,50,1982-06-23 10:17:24.728627
Hudson Strait,break-up,1982,90,1982-04-08 15:19:47.922358
Hudson Strait,freeze-up,1982,10,1982-11-13 04:22:45.339444
Hudson Strait,freeze-up,1982,50,1982-11-25 07:38:59.161739
Hudson Strait,freeze-up,1982,90,1982-12-25 14:55:15.884115
Hudson Strait,break-up,1983,10,1983-08-01 02:41:14.730538
Hudson Strait,break-up,1983,50,1983-07-07 01:28:48.198074
Hudson Strait,break-up,1983,90,1983-04-16 22:20:56.394103
Hudson Strait,freeze-up,1983,10,1983-11-12 14:53:38.220482
Hudson Strait,freeze-up,1983,50,1983-11-26 12:37:34.252043
Hudson Strait,freeze-up,1983,90,1984-01-02 01:05:03.235208
Hudson Strait,break-up,1984,10,1984-08-02 09:49:52.288989
Hudson Strait,break-up,1984,50,1984-07-08 05:16:24.979184
Hudson Strait,break-up,1984,90,1984-04-25 21:35:14.649276
Hudson Strait,freeze-up,1984,10,1984-11-13 13:10:00.990224
Hudson Strait,freeze-up,1984,50,1984-11-30 05:23:34.501773
Hudson Strait,freeze-up,1984,90,1984-12-30 18:38:39.549862
Hudson Strait,break-up,1985,10,1985-07-21 15:25:28.509154
Hudson Strait,break-up,1985,50,1985-06-30 17:45:37.660718
Hudson Strait,break-up,1985,90,1985-05-10 19:24:16.064908
Hudson Strait,freeze-up,1985,10,1985-12-02 21:19:06.501547
Hudson Strait,freeze-up,1985,50,1985-12-18 14:26:54.048276
Hudson Strait,freeze-up,1985,90,1986-01-19 22:10:17.250392
Hudson Strait,break-up,1986,10,1986-07-08 21:26:50.535389
Hudson Strait,break-up,1986,50,1986-06-16 12:29:35.812991
Hudson Strait,break-up,1986,90,1986-03-30 08:05:51.850521
Hudson Strait,freeze-up,1986,10,1986-11-04 04:20:18.615420
Hudson Strait,freeze-up,1986,50,1986-11-15 17:38:45.002409
Hudson Strait,freeze-up,1986,90,1987-01-02 06:46:47.090932
Hudson Strait,break-up,1987,10,1987-07-20 02:00:05.469156
Hudson Strait,break-up,1987,50,1987-06-24 00:01:31.622481
Hudson Strait,break-up,1987,90,1987-04-14 06:36:39.530736
Hudson Strait,freeze-up,1987,10,
Hudson Strait,freeze-up,1987,50,
Hudson Strait,freeze-up,1987,90,1988-01-07 17:34:33.790462
Hudson Strait,break-up,1988,10,1988-07-20 16:26:35.183624
Hudson Strait,break-up,1988,50,1988-06-25 18:12:05.857799
Hudson Strait,break-up,1988,90,1988-03-16 00:00:00.000000
Hudson Strait,freeze-up,1988,10,1988-12-02 06:27:37.156155
Hudson Strait,freeze-up,1988,50,1988-12-08 00:12:32.941176
Hudson Strait,freeze-up,1988,90,1989-01-07 21:24:17.276410
Hudson Strait,break-up,1989,10,1989-07-13 09:18:42.723091
Hudson Strait,break-up,1989,50,1989-06-18 16:27:45.355218
Hudson Strait,break-up,1989,90,1989-04-06 20:41:11.750083
Hudson Strait,freeze-up,1989,10,1989-11-22 00:24:14.339402
Hudson Strait,freeze-up,1989,50,1989-11-30 03:55:13.082706
Hudson Strait,freeze-up,1989,90,1989-12-25 23:22:57.802627
Hudson Strait,break-up,1990,10,1990-07-28 14:42:06.286379
Hudson Strait,break-up,1990,50,1990-06-27 16:58:37.158905
Hudson Strait,break-up,1990,90,1990-03-29 03:50:51.929092
Hudson Strait,freeze-up,1990,10,1990-11-14 11:33:56.880192
Hudson Strait,freeze-up,1990,50,1990-12-01 05:32:51.297963
Hudson Strait,freeze-up,1990,90,1990-12-25 14:50:32.867397
Hudson Strait,break-up,1991,10,1991-07-22 06:44:13.349112
Hudson Strait,break-up,1991,50,1991-06-26 10:46:17.172354
Hudson Strait,break-up,1991,90,1991-03-28 20:07:24.878048
Hudson Strait,freeze-up,1991,10,1991-11-28 10:19:40.228986
Hudson Strait,freeze-up,1991,50,1991-12-08 18:11:54.537177
Hudson Strait,freeze-up,1991,90,1992-01-24 06:09:27.789707
Hudson Strait,break-up,1992,10,1992-07-30 03:36:08.927296
Hudson Strait,break-up,1992,50,1992-07-07 15:50:32.359792
Hudson Strait,break-up,1992,90,1992-05-06 21:25:05.419250
Hudson Strait,freeze-up,1992,10,1992-11-15 08:20:49.866939
Hudson Strait,freeze-up,1992,50,1992-11-22 18:22:32.905725
Hudson Strait,freeze-up,1992,90,1992-12-23 22:50:33.675889
Hudson Strait,break-up,1993,10,1993-07-13 04:13:02.466606
Hudson Strait,break-up,1993,50,1993-06-23 01:08:41.052631
Hudson Strait,break-up,1993,90,1993-05-10 15:38:51.629196
Hudson Strait,freeze-up,1993,10,1993-11-12 11:53:57.687366
Hudson Strait,freeze-up,1993,50,1993-11-29 02:35:53.091531
Hudson Strait,freeze-up,1993,90,1993-12-23 10:12:27.226890
Hudson Strait,break-up,1994,10,1994-07-13 05:03:41.494586
Hudson Strait,break-up,1994,50,1994-06-21 06:32:58.397626
Hudson Strait,break-up,1994,90,1994-04-14 01:17:18.568343
Hudson Strait,freeze-up,1994,10,1994-11-26 07:43:54.754549
Hudson Strait,freeze-up,1994,50,1994-12-09 08:52:58.963461
Hudson Strait,freeze-up,1994,90,1995-01-28 22:33:52.281851
Hudson Strait,break-up,1995,10,1995-07-03 21:09:30.634817
Hudson Strait,break-up,1995,50,1995-06-11 11:27:25.352922
Hudson Strait,break-up,1995,90,1995-03-23 15:28:41.249999
Hudson Strait,freeze-up,1995,10,1995-11-29 07:48:06.518625
Hudson Strait,freeze-up,1995,50,1995-12-14 14:59:18.372127
Hudson Strait,freeze-up,1995,90,1996-02-12 16:47:59.999999
Hudson Strait,break-up,1996,10,1996-07-19 07:05:50.550381
Hudson Strait,break-up,1996,50,1996-06-26 10:59:02.201834
Hudson Strait,break-up,1996,90,1996-03-17 01:21:18.913509
Hudson Strait,freeze-up,1996,10,1996-11-29 18:05:41.652021
Hudson Strait,freeze-up,1996,50,1996-12-20 22:51:28.249514
Hudson Strait,freeze-up,1996,90,1997-01-27 04:09:17.630979
Hudson Strait,break-up,1997,10,1997-07-09 21:18:30.564246
Hudson Strait,break-up,1997,50,1997-06-20 15:08:39.379333
Hudson Strait,break-up,1997,90,1997-04-16 17:58:31.431851
Hudson Strait,freeze-up,1997,10,1997-11-26 17:17:31.368970
Hudson Strait,freeze-up,1997,50,1997-12-17 04:56:22.367221
Hudson Strait,freeze-up,1997,90,1998-01-21 04:36:50.667207
Hudson Strait,break-up,1998,10,1998-06-26 12:36:36.610169
Hudson Strait,break-up,1998,50,1998-06-05 09:15:43.745019
Hudson Strait,break-up,1998,90,1998-03-28 22:35:51.701956
Hudson Strait,freeze-up,1998,10,1998-12-15 16:03:40.311263
Hudson Strait,freeze-up,1998,50,1998-12-22 07:16:29.540895
Hudson Strait,freeze-up,1998,90,1999-01-27 02:03:52.451572
Hudson Strait,break-up,1999,10,1999-06-26 16:17:56.893576
Hudson Strait,break-up,1999,50,1999-06-07 20:05:31.837477
Hudson Strait,break-up,1999,90,1999-03-16 00:00:00.000000
Hudson Strait,freeze-up,1999,10,1999-12-04 11:21:35.867005
Hudson Strait,freeze-up,1999,50,1999-12-23 09:32:12.703521
Hudson Strait,freeze-up,1999,90,2000-01-16 22:01:15.789473
Hudson Strait,break-up,2000,10,2000-06-30 20:51:05.367581
Hudson Strait,break-up,2000,50,2000-06-11 03:49:03.053334
Hudson Strait,break-up,2000,90,2000-03-19 06:32:19.726027
Hudson Strait,freeze-up,2000,10,2000-12-02 04:20:21.715281
Hudson Strait,freeze-up,2000,50,2000-12-14 01:21:16.318388
Hudson Strait,freeze-up,2000,90,2001-01-16 04:38:22.896815
Hudson Strait,break-up,2001,10,2001-06-20 10:56:25.832727
Hudson Strait,break-up,2001,50,2001-06-02 10:49:51.567567
Hudson Strait,break-up,2001,90,2001-03-16 00:00:00.000000
Hudson Strait,freeze-up,2001,10,2001-12-01 18:06:07.165480
Hudson Strait,freeze-up,2001,50,2001-12-11 07:43:47.053804
Hudson Strait,freeze-up,2001,90,2002-01-17 00:00:13.627760
Hudson Strait,break-up,2002,10,2002-07-09 13:50:16.448152
Hudson Strait,break-up,2002,50,2002-06-16 23:02:08.334357
Hudson Strait,break-up,2002,90,2002-03-22 05:18:13.846153
Hudson Strait,freeze-up,2002,10,2002-12-05 20:46:46.414096
Hudson Strait,freeze-up,2002,50,2002-12-13 13:20:22.928532
Hudson Strait,freeze-up,2002,90,2003-02-06 08:39:09.473684
Hudson Strait,break-up,2003,10,2003-06-23 00:31:37.890458
Hudson Strait,break-up,2003,50,2003-05-31 17:17:37.360055
Hudson Strait,break-up,2003,90,2003-03-16 00:00:00.000000
Hudson Strait,freeze-up,2003,10,2003-12-12 18:03:57.637521
Hudson Strait,freeze-up,2003,50,2003-12-27 08:23:40.883156
Hudson Strait,freeze-up,2003,90,2004-02-28 04:37:41.660497
Hudson Strait,break-up,2004,10,2004-07-02 12:34:21.469698
Hudson Strait,break-up,2004,50,2004-06-06 05:15:05.725853
Hudson Strait,break-up,2004,90,2004-03-20 00:02:14.868292
Hudson Strait,freeze-up,2004,10,2004-12-02 05:18:15.369534
Hudson Strait,freeze-up,2004,50,2004-12-12 07:12:56.243205
Hudson Strait,freeze-up,2004,90,2005-01-03 12:47:34.936089
Hudson Strait,break-up,2005,10,2005-07-02 12:37:49.623455
Hudson Strait,break-up,2005,50,2005-06-07 14:38:35.404468
Hudson Strait,break-up,2005,90,2005-03-16 00:00:00.000000
Hudson Strait,freeze-up,2005,10,2005-12-10 05:20:48.967503
Hudson Strait,freeze-up,2005,50,2005-12-20 13:34:20.367567
Hudson Strait,freeze-up,2005,90,2006-02-15 23:26:44.705882
Hudson Strait,break-up,2006,10,2006-06-17 18:56:46.585788
Hudson Strait,break-up,2006,50,2006-05-25 13:45:44.364900
Hudson Strait,break-up,2006,90,2006-03-16 00:00:00.000000
Hudson Strait,freeze-up,2006,10,2006-12-18 03:40:12.599565
Hudson Strait,freeze-up,2006,50,2006-12-29 16:45:50.529470
Hudson Strait,freeze-up,2006,90,2007-03-12 15:10:33.840117
Hudson Strait,break-up,2007,10,2007-06-27 07:26:43.435582
Hudson Strait,break-up,2007,50,2007-06-03 07:11:32.945293
Hudson Strait,break-up,2007,90,2007-03-17 01:21:55.589353
Hudson Strait,freeze-up,2007,10,2007-11-28 10:03:22.965618
Hudson Strait,freeze-up,2007,50,2007-12-09 11:42:06.593781
Hudson Strait,freeze-up,2007,90,2008-01-01 22:51:32.900810
Hudson Strait,break-up,2008,10,2008-07-01 19:27:13.570412
Hudson Strait,break-up,2008,50,2008-06-14 02:30:22.210553
Hudson Strait,break-up,2008,90,2008-03-19 09:03:06.851211
Hudson Strait,freeze-up,2008,10,2008-12-03 23:22:41.612007
Hudson Strait,freeze-up,2008,50,2008-12-11 12:54:56.406324
Hudson Strait,freeze-up,2008,90,2009-02-19 17:59:56.014024
Hudson Strait,break-up,2009,10,2009-07-04 07:18:10.806754
Hudson Strait,break-up,2009,50,2009-06-13 05:46:43.162055
Hudson Strait,break-up,2009,90,2009-03-16 00:00:00.000000
Hudson Strait,freeze-up,2009,10,2009-12-03 10:16:32.258894
Hudson Strait,freeze-up,2009,50,2009-12-26 01:50:35.331197
Hudson Strait,freeze-up,2009,90,
Hudson Strait,break-up,2010,10,2010-06-18 18:54:42.890415
Hudson Strait,break-up,2010,50,2010-05-31 19:42:04.206558
Hudson Strait,break-up,2010,90,2010-03-16 00:00:00.000000
Hudson Strait,freeze-up,2010,10,2011-01-11 15:05:45.217940
Hudson Strait,freeze-up,2010,50,2011-01-26 02:22:14.638592
Hudson Strait,freeze-up,2010,90,
Hudson Strait,break-up,2011,10,2011-06-14 05:04:33.425101
Hudson Strait,break-up,2011,50,2011-05-05 23:54:36.762180
Hudson Strait,break-up,2011,90,2011-03-16 00:00:00.000000
Hudson Strait,freeze-up,2011,10,2011-12-16 11:04:06.248520
Hudson Strait,freeze-up,2011,50,2011-12-29 17:20:08.002808
Hudson Strait,freeze-up,2011,90,2012-02-28 15:50:19.354838
Hudson Strait,break-up,2012,10,2012-06-20 21:47:51.730270
Hudson Strait,break-up,2012,50,2012-06-06 08:03:44.409636
Hudson Strait,break-up,2012,90,2012-03-16 00:00:00.000000
Hudson Strait,freeze-up,2012,10,2012-12-04 03:52:48.511934
Hudson Strait,freeze-up,2012,50,2012-12-17 12:59:15.112219
Hudson Strait,freeze-up,2012,90,2013-02-15 16:47:26.511627
Hudson Strait,break-up,2013,10,2013-06-27 08:48:18.701298
Hudson Strait,break-up,2013,50,2013-06-08 04:55:59.554730
Hudson Strait,break-up,2013,90,2013-03-16 00:00:00.000000
Hudson Strait,freeze-up,2013,10,2013-11-29 02:54:54.887892
Hudson Strait,freeze-up,2013,50,2013-12-13 12:36:51.215656
Hudson Strait,freeze-up,2013,90,2014-02-06 07:03:07.055606
Hudson Strait,break-up,2014,10,2014-06-27 03:58:49.064039
Hudson Strait,break-up,2014,50,2014-06-11 07:37:52.787804
Hudson Strait,break-up,2014,90,2014-04-01 01:50:15.498154
Hudson Strait,freeze-up,2014,10,2014-11-28 11:11:53.312693
Hudson Strait,freeze-up,2014,50,2014-12-15 04:52:52.597156
Hudson Strait,freeze-up,2014,90,2015-01-12 16:14:57.506925
Hudson Strait,break-up,2015,10,2015-06-30 12:33:01.186813
Hudson Strait,break-up,2015,50,2015-06-06 15:51:29.972401
Hudson Strait,break-up,2015,90,2015-03-16 00:00:00.000000
Hudson Strait,freeze-up,2015,10,2015-11-24 03:31:34.846554
Hudson Strait,freeze-up,2015,50,2015-12-03 10:28:07.874465
Hudson Strait,freeze-up,2015,90,2016-01-31 05:35:34.131736
Hudson Strait,break-up,2016,10,2016-07-06 00:53:33.623123
Hudson Strait,break-up,2016,50,2016-06-15 12:59:28.501550
Hudson Strait,break-up,2016,90,2016-03-16 00:00:00.000000
Hudson Strait,freeze-up,2016,10,2016-12-09 03:45:52.781954
Hudson Strait,freeze-up,2016,50,2016-12-19 11:48:06.086048
Hudson Strait,freeze-up,2016,90,2017-02-02 21:15:40.571158
Hudson Strait,break-up,2017,10,2017-06-24 09:10:08.996832
Hudson Strait,break-up,2017,50,2017-06-06 00:36:36.758508
Hudson Strait,break-up,2017,90,2017-03-16 00:00:00.000000
Hudson Strait,freeze-up,2017,10,2017-12-08 05:05:37.973454
Hudson Strait,freeze-up,2017,50,2017-12-19 13:11:32.202310
Hudson Strait,freeze-up,2017,90,2018-01-27 00:19:33.275393
Hudson Strait,break-up,2018,10,2018-07-10 00:49:11.689103
Hudson Strait,break-up,2018,50,2018-06-15 14:23:46.299694
Hudson Strait,break-up,2018,90,2018-03-16 00:00:00.000000
Hudson Strait,freeze-up,2018,10,2018-11-26 02:23:23.723362
Hudson Strait,freeze-up,2018,50,2018-12-07 21:32:30.428047
Hudson Strait,freeze-up,2018,90,2019-01-16 13:22:43.975155
Hudson Strait,break-up,2019,10,2019-06-24 12:06:11.207212
Hudson Strait,break-up,2019,50,2019-05-29 16:14:53.653032
Hudson Strait,break-up,2019,90,2019-03-16 00:00:00.000000
Hudson Strait,freeze-up,2019,10,2019-12-12 14:42:11.815137
Hudson Strait,freeze-up,2019,50,2019-12-27 14:45:32.859041
Hudson Strait,freeze-up,2019,90,2020-02-17 22:31:24.608294
Hudson Strait,break-up,2020,10,2020-06-29 10:28:52.369412
Hudson Strait,break-up,2020,50,2020-05-20 07:44:00.922190
Hudson Strait,break-up,2020,90,2020-03-16 00:00:00.000000
Hudson Strait,freeze-up,2020,10,2020-12-10 09:06:15.980462
Hudson Strait,freeze-up,2020,50,2020-12-19 22:58:24.641555
Hudson Strait,freeze-up,2020,90,
Hudson Strait,break-up,2021,10,2021-06-24 02:49:49.739776
Hudson Strait,break-up,2021,50,2021-05-25 18:44:05.795752
Hudson Strait,break-up,2021,90,2021-03-16 00:00:00.000000
Hudson Strait,freeze-up,2021,10,2021-12-19 08:14:59.999999
Hudson Strait,freeze-up,2021,50,2021-12-31 08:09:40.322812
Hudson Strait,freeze-up,2021,90,2022-02-14 13:32:21.155015
Hudson Strait,break-up,2022,10,2022-06-18 21:59:23.855881
Hudson Strait,break-up,2022,50,2022-06-01 10:56:49.400530
Hudson Strait,break-up,2022,90,2022-03-16 00:00:00.000000
Hudson Strait,freeze-up,2022,10,2022-12-03 16:29:01.022280
Hudson Strait,freeze-up,2022,50,2022-12-17 19:15:04.406779
Hudson Strait,freeze-up,2022,90,2023-01-26 14:18:18.362189
Hudson Strait,break-up,2023,10,2023-06-28 15:11:44.998337
Hudson Strait,break-up,2023,50,2023-06-02 19:35:47.845402
Hudson Strait,break-up,2023,90,2023-03-16 00:00:00.000000
Hudson Strait,freeze-up,2023,10,2023-12-18 07:05:47.578099
Hudson Strait,freeze-up,2023,50,2024-01-01 12:52:16.815286
Hudson Strait,freeze-up,2023,90,
Hudson Strait,break-up,2024,10,2024-06-23 05:28:47.211725
Hudson Strait,break-up,2024,50,2024-06-01 14:34:53.094629
Hudson Strait,break-up,2024,90,2024-03-16 00:00:00.000000
Hudson Strait,freeze-up,2024,10,2024-12-23 11:56:55.592001
Hudson Strait,freeze-up,2024,50,2025-01-15 19:05:05.989731
Hudson Strait,freeze-up,2024,90,
Hudson Strait,break-up,2025,10,2025-06-17 13:51:00.219329
Hudson Strait,break-up,2025,50,2025-05-21 02:19:30.000000
Hudson Strait,break-up,2025,90,2025-03-16 00:00:00.000000
Hudson Strait,freeze-up,2025,10,2025-12-21 13:33:28.534531
Hudson Strait,freeze-up,2025,50,2026-01-06 18:28:32.828542
Hudson Strait,freeze-up,2025,90,
Hudson Strait,break-up,2026,10,2026-06-14 04:00:48.047105
Hudson Strait,break-up,2026,50,2026-05-20 21:57:12.124352
Hudson Strait,break-up,2026,90,2026-03-16 00:00:00.000000
